{"type":"FeatureCollection","features":[{"type":"Feature","geometry":{"type":"LineString","coordinates":[[-82.685253,41.482678],[-82.685531,41.483129],[-82.685504,41.483206],[-82.686658,41.484825],[-82.686837,41.485107],[-82.687122,41.485003],[-82.685449,41.482648],[-82.685391,41.48259],[-82.685309,41.482604],[-82.685249,41.482629],[-82.685235,41.482648],[-82.685255,41.48268],[-82.685531,41.483129],[-82.685504,41.483205],[-82.684877,41.482295]]},"properties":{"coaster":"Top Thrill 2","park":"Cedar Point","make":"Intamin Amusement Rides","track":"Steel","color":"d41c28","rcdb":"https://rcdb.com/1896.htm","model":"Accelerator Coaster","length":"3,422","inversions":0,"status":"OPERATING","opened":"5/4/2003","height":420,"speed":120}},{"type":"Feature","geometry":{"type":"LineString","coordinates":[[-76.64757,37.231875,0],[-76.647203,37.233651,0],[-76.647167,37.233736,0],[-76.647106,37.233744,0],[-76.647058,37.233704,0],[-76.647037,37.233612,0],[-76.647067,37.233496,0],[-76.64721,37.233411,0],[-76.647382,37.233359,0],[-76.647634,37.233352,0],[-76.647884,37.23336,0],[-76.647939,37.233357,0],[-76.647792,37.233382,0],[-76.647591,37.233436,0],[-76.647478,37.233513,0],[-76.647363,37.23361,0],[-76.647297,37.233672,0],[-76.647172,37.233798,0],[-76.6473,37.233632,0],[-76.647235,37.233678,0],[-76.647084,37.23378,0],[-76.646983,37.233859,0],[-76.646757,37.234073,0],[-76.646689,37.23416,0],[-76.646625,37.234242,0],[-76.646619,37.234279,0],[-76.646645,37.234285,0],[-76.646698,37.234238,0],[-76.646737,37.23418,0],[-76.646694,37.234097,0],[-76.646615,37.234065,0],[-76.646536,37.23408,0],[-76.646466,37.23413,0],[-76.646687,37.234005,0],[-76.646856,37.23393,0],[-76.647073,37.23388,0],[-76.647309,37.233882,0],[-76.647477,37.233883,0],[-76.647566,37.23382,0],[-76.647591,37.233704,0],[-76.647537,37.233517,0],[-76.647515,37.233429,0],[-76.647525,37.233315,0],[-76.647562,37.233195,0],[-76.6479,37.23268,0],[-76.647951,37.232556,0],[-76.647974,37.232426,0],[-76.647979,37.232319,0],[-76.64793,37.232264,0],[-76.647871,37.232236,0],[-76.647789,37.232203,0],[-76.647757,37.232104,0],[-76.647775,37.232012,0],[-76.647836,37.231968,0],[-76.64792,37.231969,0],[-76.647921,37.231969,0],[-76.647968,37.231989,0],[-76.647989,37.232041,0],[-76.647973,37.232084,0],[-76.647923,37.232102,0],[-76.647858,37.23209,0],[-76.647804,37.232026,0],[-76.647797,37.231941,0],[-76.647792,37.231871,0],[-76.647767,37.231776,0],[-76.647709,37.23176,0],[-76.647611,37.231772,0],[-76.64757,37.231875,0]]},"properties":{"coaster":"Alpengeist","park":"Busch Gardens Williamsburg","make":"Bolliger & Mabillard","track":"Steel","color":"a2dbe0","rcdb":"https://rcdb.com/277.htm","model":"Inverted Coaster","length":"3,828","inversions":6,"long":-76.64744298,"status":"OPERATING","opened":"3/22/1997","height":195,"speed":67,"lat":"37.23256150"}},{"type":"Feature","geometry":{"type":"LineString","coordinates":[[-76.645073,37.232691,0],[-76.645488,37.231946,0],[-76.645505,37.231882,0],[-76.645445,37.23182,0],[-76.645285,37.231786,0],[-76.645132,37.23178,0],[-76.645037,37.231744,0],[-76.644983,37.231675,0],[-76.645024,37.231611,0],[-76.645751,37.231108,0],[-76.645784,37.230982,0],[-76.64568,37.230964,0],[-76.645589,37.231006,0],[-76.645526,37.2311,0],[-76.645398,37.231175,0],[-76.645323,37.231123,0],[-76.64538,37.23102,0],[-76.645441,37.230957,0],[-76.645503,37.230872,0],[-76.645459,37.230794,0],[-76.645325,37.230784,0],[-76.645216,37.230932,0],[-76.645089,37.231111,0],[-76.645002,37.231248,0],[-76.645037,37.231361,0],[-76.645132,37.231415,0],[-76.64522,37.231345,0],[-76.645222,37.231179,0],[-76.645136,37.231118,0],[-76.645011,37.231124,0],[-76.644923,37.231205,0],[-76.64487,37.231585,0],[-76.644846,37.231693,0],[-76.644727,37.231766,0],[-76.644124,37.232013,0],[-76.644084,37.232042,0],[-76.644122,37.232473,0],[-76.644272,37.232563,0],[-76.64442,37.232522,0],[-76.644521,37.232425,0],[-76.644598,37.232278,0],[-76.644692,37.232213,0],[-76.644816,37.232181,0],[-76.64491,37.232226,0],[-76.644941,37.232327,0],[-76.644846,37.232621,0],[-76.644848,37.23271,0],[-76.644937,37.232787,0],[-76.645039,37.232796,0],[-76.645073,37.232691,0]]},"properties":{"coaster":"Big Bad Wolf","park":"Busch Gardens Williamsburg","make":"Arrow Dynamics","track":"Steel","lat":37.23232579,"color":"ED0C39","rcdb":"https://rcdb.com/111.htm","opened":"6/15/1984","model":"Suspended Coaster","length":"2,800","height":80,"speed":48,"inversions":0,"long":-76.64529234,"status":"DEFUNCT"}},{"type":"Feature","geometry":{"type":"LineString","coordinates":[[-76.774832,38.90818,0],[-76.774441,38.908225,0],[-76.774337,38.908241,0],[-76.774284,38.908323,0],[-76.7743,38.908418,0],[-76.774361,38.908473,0],[-76.775329,38.908382,0],[-76.775414,38.908361,0],[-76.775419,38.908287,0],[-76.775316,38.908215,0],[-76.775113,38.908203,0],[-76.774965,38.908222,0],[-76.774833,38.908269,0],[-76.774818,38.908314,0],[-76.774969,38.90829,0],[-76.774855,38.908281,0],[-76.774763,38.908315,0],[-76.774636,38.908355,0],[-76.774529,38.908377,0],[-76.774493,38.908332,0],[-76.774526,38.90825,0],[-76.774613,38.908221,0],[-76.774653,38.908249,0],[-76.774714,38.90834,0],[-76.774791,38.908345,0],[-76.774981,38.908318,0],[-76.775164,38.908278,0],[-76.775266,38.908236,0],[-76.775332,38.908211,0],[-76.775422,38.908221,0],[-76.775525,38.908249,0],[-76.77563,38.908245,0],[-76.775673,38.908193,0],[-76.775671,38.908144,0],[-76.775717,38.908121,0],[-76.775777,38.908147,0],[-76.775856,38.908163,0],[-76.775985,38.908132,0],[-76.776004,38.908087,0],[-76.775952,38.908034,0],[-76.775847,38.908037,0],[-76.775707,38.908069,0],[-76.775624,38.908097,0],[-76.775558,38.908142,0],[-76.775496,38.908213,0],[-76.775441,38.908257,0],[-76.775338,38.908265,0],[-76.77524,38.908214,0],[-76.775223,38.908129,0],[-76.775314,38.908065,0],[-76.775436,38.908073,0],[-76.77552,38.908152,0],[-76.775572,38.908196,0],[-76.775715,38.908218,0],[-76.775799,38.908182,0],[-76.775813,38.908126,0],[-76.77579,38.908091,0],[-76.775726,38.90803,0],[-76.775653,38.908027,0],[-76.775586,38.908068,0],[-76.775537,38.908114,0],[-76.775468,38.908132,0],[-76.774832,38.90818,0]]},"properties":{"coaster":"Firebird","park":"Six Flags America","make":"Bolliger & Mabillard","track":"Steel","model":"Floorless Coaster","color":"F26324","rcdb":"https://rcdb.com/10136.htm","opened":"6/7/2012","length":"2,900","height":100,"speed":55,"inversions":2,"lat":38.90821329,"long":-76.77454857,"status":"DEFUNCT"}},{"type":"Feature","geometry":{"type":"LineString","coordinates":[[-76.77207,38.907554,0],[-76.771887,38.907579,0],[-76.771856,38.907574,0],[-76.771837,38.907533,0],[-76.771862,38.90751,0],[-76.771998,38.907493,0],[-76.772017,38.907523,0],[-76.771997,38.907545,0],[-76.771932,38.907552,0],[-76.771919,38.907518,0],[-76.771942,38.907496,0],[-76.772021,38.907478,0],[-76.772073,38.907478,0],[-76.772103,38.907498,0],[-76.772112,38.907539,0],[-76.77207,38.907554,0]]},"properties":{"coaster":"Great Chase","park":"Six Flags America","make":"Zamperla","track":"Steel","height":13,"inversions":0,"color":"2D50E3","rcdb":"https://rcdb.com/568.htm","opened":"5/8/1999","model":"Family Coaster","length":263,"speed":11,"lat":"38.90757670","long":-76.77203873,"status":"DEFUNCT"}},{"type":"Feature","geometry":{"type":"LineString","coordinates":[[-76.775724,38.909746,0],[-76.776048,38.910032,0],[-76.77607,38.910081,0],[-76.775946,38.910024,0],[-76.775928,38.909967,0],[-76.775946,38.90993,0],[-76.776002,38.909888,0],[-76.776053,38.909869,0],[-76.776111,38.909879,0],[-76.776167,38.909933,0],[-76.776193,38.909983,0],[-76.776174,38.909985,0],[-76.776024,38.909893,0],[-76.775926,38.909822,0],[-76.775859,38.909778,0],[-76.775843,38.909748,0],[-76.775873,38.909747,0],[-76.775976,38.909786,0],[-76.776003,38.909838,0],[-76.775983,38.909884,0],[-76.775914,38.909937,0],[-76.775856,38.909945,0],[-76.775794,38.909926,0],[-76.775772,38.9099,0],[-76.775765,38.909855,0],[-76.775794,38.909812,0],[-76.775846,38.909799,0],[-76.775891,38.909808,0],[-76.775931,38.90983,0],[-76.77597,38.909978,0],[-76.775998,38.910018,0],[-76.776075,38.910039,0],[-76.776157,38.909995,0],[-76.776192,38.909926,0],[-76.776201,38.90986,0],[-76.776186,38.909819,0],[-76.776131,38.909784,0],[-76.77608,38.909783,0],[-76.776033,38.909804,0],[-76.775983,38.909853,0],[-76.775917,38.909918,0],[-76.775881,38.909965,0],[-76.77588,38.910015,0],[-76.775913,38.910054,0],[-76.775962,38.910067,0],[-76.776026,38.910057,0],[-76.776107,38.91001,0],[-76.776135,38.909954,0],[-76.776115,38.90989,0],[-76.776059,38.909843,0],[-76.775979,38.909805,0],[-76.775929,38.909798,0],[-76.775872,38.909803,0],[-76.775825,38.90982,0],[-76.775783,38.909858,0],[-76.775767,38.909902,0],[-76.77577,38.909938,0],[-76.775787,38.909976,0],[-76.775821,38.910001,0],[-76.775904,38.910005,0],[-76.775967,38.909965,0],[-76.775975,38.909922,0],[-76.775967,38.909858,0],[-76.776004,38.909803,0],[-76.776071,38.909783,0],[-76.776141,38.9098,0],[-76.776177,38.909832,0],[-76.776187,38.909864,0],[-76.776169,38.909906,0],[-76.776125,38.909933,0],[-76.776074,38.909943,0],[-76.776012,38.909921,0],[-76.775965,38.909881,0],[-76.775907,38.909859,0],[-76.775837,38.909867,0],[-76.775798,38.909898,0],[-76.775796,38.909956,0],[-76.775845,38.910014,0],[-76.775929,38.910036,0],[-76.776014,38.910035,0],[-76.776076,38.910014,0],[-76.776146,38.909974,0],[-76.776185,38.909908,0],[-76.776161,38.909836,0],[-76.776082,38.909773,0],[-76.776026,38.909756,0],[-76.775967,38.909781,0],[-76.775902,38.90978,0],[-76.775828,38.909727,0],[-76.775329,38.909258,0],[-76.775273,38.909106,0],[-76.775241,38.909067,0],[-76.775183,38.909059,0],[-76.775112,38.909107,0],[-76.775094,38.909165,0],[-76.775724,38.909746,0]]},"properties":{"coaster":"Joker's Jinx","park":"Six Flags America","make":"Premier Rides","track":"Steel","color":"38EB38","opened":"5/8/1999","long":"-76.77517440","rcdb":"https://rcdb.com/544.htm","model":"Catapult Launch Coaster","length":"2,705","height":79,"speed":60,"inversions":4,"lat":38.90926484,"status":"DEFUNCT"}},{"type":"Feature","geometry":{"type":"LineString","coordinates":[[-76.77576,38.90614,0],[-76.776933,38.906187,0],[-76.777016,38.906227,0],[-76.777004,38.906309,0],[-76.776961,38.906373,0],[-76.776854,38.906455,0],[-76.776659,38.906456,0],[-76.776545,38.906404,0],[-76.776432,38.906342,0],[-76.776618,38.906389,0],[-76.776762,38.906398,0],[-76.776835,38.906469,0],[-76.776567,38.906337,0],[-76.776392,38.906246,0],[-76.77611,38.906192,0],[-76.775935,38.906192,0],[-76.77577,38.906181,0],[-76.775995,38.906206,0],[-76.77605,38.906236,0],[-76.77605,38.906308,0],[-76.776039,38.906407,0],[-76.775994,38.906452,0],[-76.775903,38.906444,0],[-76.77584,38.906396,0],[-76.775847,38.906317,0],[-76.775955,38.90627,0],[-76.776134,38.906274,0],[-76.77627,38.906266,0],[-76.776416,38.906281,0],[-76.776563,38.906233,0],[-76.776721,38.906235,0],[-76.776827,38.906301,0],[-76.776833,38.906407,0],[-76.776788,38.906493,0],[-76.776591,38.906498,0],[-76.776437,38.906464,0],[-76.776164,38.906472,0],[-76.775777,38.906448,0],[-76.775745,38.906406,0],[-76.775743,38.906256,0],[-76.775728,38.906172,0],[-76.77576,38.90614,0]]},"properties":{"coaster":"Professor Screamore's SkyWinder","park":"Six Flags America","make":"Vekoma","track":"Steel","rcdb":"https://rcdb.com/149.htm","color":"DB961D","opened":"5/20/1995","model":"SLC","length":"2,261","height":109,"speed":50,"inversions":5,"lat":38.90612551,"long":-76.77596634,"status":"DEFUNCT"}},{"type":"Feature","geometry":{"type":"LineString","coordinates":[[-76.771695,38.908926,0],[-76.771639,38.908766,0],[-76.771619,38.908743,0],[-76.771446,38.908771,0],[-76.771573,38.909121,0],[-76.771733,38.90909,0],[-76.771743,38.909073,0],[-76.771722,38.909056,0],[-76.771608,38.909074,0],[-76.77158,38.909069,0],[-76.771584,38.909046,0],[-76.771707,38.909016,0],[-76.771715,38.908997,0],[-76.771691,38.908985,0],[-76.77158,38.909006,0],[-76.771555,38.908996,0],[-76.771556,38.908975,0],[-76.771689,38.908945,0],[-76.771683,38.908925,0],[-76.771653,38.908915,0],[-76.771552,38.908935,0],[-76.771526,38.908915,0],[-76.771538,38.908897,0],[-76.77154,38.908897,0],[-76.771626,38.908877,0],[-76.771606,38.908811,0],[-76.771591,38.908781,0],[-76.771551,38.908774,0],[-76.771517,38.908795,0],[-76.771624,38.908929,0],[-76.771614,38.908959,0],[-76.771653,38.909054,0],[-76.771722,38.909041,0],[-76.771735,38.909015,0],[-76.771695,38.908926,0]]},"properties":{"coaster":"Ragin' Cajun","park":"Six Flags America","make":"Reverchon","track":"Steel","color":"FFE008","rcdb":"https://rcdb.com/6765.htm","opened":"6/21/2014","model":"Spinning Coaster","length":"1,378","height":43,"speed":29,"inversions":0,"lat":"38.90878830","long":-76.77163466,"status":"DEFUNCT"}},{"type":"Feature","geometry":{"type":"LineString","coordinates":[[-77.440672,37.840157,0],[-77.440685,37.839949,0],[-77.440668,37.839885,0],[-77.440555,37.839866,0],[-77.440026,37.839778,0],[-77.439941,37.83978,0],[-77.439854,37.839816,0],[-77.439856,37.839886,0],[-77.439934,37.839914,0],[-77.440012,37.839885,0],[-77.440014,37.839816,0],[-77.439924,37.839765,0],[-77.439849,37.83977,0],[-77.439798,37.839846,0],[-77.439822,37.839921,0],[-77.439867,37.839964,0],[-77.440448,37.840218,0],[-77.440554,37.840266,0],[-77.440613,37.840267,0],[-77.440645,37.840218,0],[-77.44059,37.840158,0],[-77.440453,37.84013,0],[-77.440419,37.840078,0],[-77.44047,37.840021,0],[-77.440546,37.840014,0],[-77.440598,37.839979,0],[-77.44061,37.839917,0],[-77.440497,37.839908,0],[-77.440405,37.83995,0],[-77.440338,37.839964,0],[-77.440284,37.839913,0],[-77.440284,37.839912,0],[-77.440319,37.839851,0],[-77.440398,37.839858,0],[-77.440429,37.839902,0],[-77.440367,37.839963,0],[-77.440287,37.839953,0],[-77.440213,37.839883,0],[-77.440139,37.839871,0],[-77.440073,37.839886,0],[-77.440052,37.839941,0],[-77.440117,37.839992,0],[-77.440241,37.839969,0],[-77.440242,37.839926,0],[-77.440133,37.839854,0],[-77.440038,37.839876,0],[-77.439999,37.839954,0],[-77.440042,37.840071,0],[-77.440487,37.840381,0],[-77.440591,37.840394,0],[-77.440656,37.84033,0],[-77.440672,37.840157,0]]},"properties":{"coaster":"Reptilian","park":"Kings Dominion","make":"Mack Rides","track":"Steel","color":"FF8C08","rcdb":"https://rcdb.com/282.htm","opened":"3/26/1988","model":"Bobsled","length":"1,906","height":69,"speed":41,"inversions":0,"lat":"37.83999950","long":-77.44072633,"status":"OPERATING"}},{"type":"Feature","geometry":{"type":"LineString","coordinates":[[-76.775341,38.907789,0],[-76.775314,38.90764,0],[-76.775326,38.907588,0],[-76.77538,38.907575,0],[-76.775386,38.907575,0],[-76.775482,38.907587,0],[-76.775547,38.90754,0],[-76.775642,38.907495,0],[-76.775708,38.907483,0],[-76.776739,38.907328,0],[-76.77676,38.907373,0],[-76.77675,38.90749,0],[-76.776696,38.907619,0],[-76.776637,38.907738,0],[-76.776622,38.907808,0],[-76.776663,38.907897,0],[-76.776745,38.90791,0],[-76.776774,38.907861,0],[-76.776775,38.907855,0],[-76.776749,38.907739,0],[-76.776625,38.907651,0],[-76.776513,38.907628,0],[-76.775955,38.907658,0],[-76.775766,38.907624,0],[-76.775643,38.907574,0],[-76.775562,38.907474,0],[-76.775571,38.907343,0],[-76.77568,38.907316,0],[-76.775766,38.907356,0],[-76.775789,38.907483,0],[-76.775752,38.907614,0],[-76.77569,38.907722,0],[-76.775737,38.907852,0],[-76.775865,38.907868,0],[-76.776022,38.907852,0],[-76.776095,38.907793,0],[-76.776195,38.907717,0],[-76.77628,38.907549,0],[-76.776368,38.907451,0],[-76.776508,38.907403,0],[-76.776609,38.907394,0],[-76.776699,38.907427,0],[-76.776721,38.90752,0],[-76.776639,38.907574,0],[-76.77648,38.907599,0],[-76.776221,38.907616,0],[-76.776096,38.907602,0],[-76.775945,38.907523,0],[-76.775811,38.907369,0],[-76.775722,38.907276,0],[-76.775567,38.907283,0],[-76.775452,38.907337,0],[-76.775417,38.90741,0],[-76.775484,38.907516,0],[-76.775594,38.907616,0],[-76.775816,38.907681,0],[-76.775977,38.907689,0],[-76.776118,38.907682,0],[-76.776271,38.907688,0],[-76.776376,38.907732,0],[-76.776381,38.907816,0],[-76.776308,38.907885,0],[-76.775907,38.907942,0],[-76.775637,38.907907,0],[-76.775418,38.907866,0],[-76.775352,38.907854,0],[-76.775341,38.907789,0]]},"properties":{"coaster":"Roar","park":"Six Flags America","make":"Great Coasters International","track":"Wood","color":"5E3F2D","rcdb":"https://rcdb.com/485.htm","opened":"5/2/1998","model":"Wooden Coaster","length":"3,468","height":95,"speed":51,"inversions":0,"lat":38.90770817,"long":-76.77533335,"status":"DEFUNCT"}},{"type":"Feature","geometry":{"type":"LineString","coordinates":[[-76.777193,38.910283,0],[-76.777228,38.91047,0],[-76.777216,38.910501,0],[-76.777152,38.910514,0],[-76.777118,38.910485,0],[-76.777099,38.910404,0],[-76.77669,38.908578,0],[-76.776698,38.90844,0],[-76.776769,38.908324,0],[-76.776988,38.908172,0],[-76.777246,38.908116,0],[-76.778968,38.907885,0],[-76.779777,38.907791,0],[-76.780037,38.907821,0],[-76.780152,38.907926,0],[-76.780198,38.908021,0],[-76.780201,38.908027,0],[-76.780209,38.908141,0],[-76.780186,38.908205,0],[-76.780132,38.908264,0],[-76.780023,38.908321,0],[-76.779947,38.908343,0],[-76.779833,38.908364,0],[-76.77968,38.908337,0],[-76.779603,38.908297,0],[-76.779501,38.908183,0],[-76.779481,38.908095,0],[-76.779506,38.907945,0],[-76.779648,38.907844,0],[-76.779759,38.907797,0],[-76.779896,38.907792,0],[-76.780067,38.907854,0],[-76.78016,38.907963,0],[-76.780196,38.90807,0],[-76.780173,38.908181,0],[-76.780086,38.908291,0],[-76.779898,38.908363,0],[-76.777192,38.908239,0],[-76.777019,38.908275,0],[-76.776902,38.90836,0],[-76.776874,38.908492,0],[-76.776938,38.90861,0],[-76.77702,38.908662,0],[-76.777138,38.90869,0],[-76.777273,38.908656,0],[-76.777441,38.908542,0],[-76.777432,38.908439,0],[-76.77738,38.908319,0],[-76.777263,38.908265,0],[-76.777115,38.908255,0],[-76.776952,38.908326,0],[-76.776877,38.908424,0],[-76.776911,38.908586,0],[-76.777113,38.908776,0],[-76.777222,38.908881,0],[-76.777279,38.909005,0],[-76.77724,38.909135,0],[-76.777124,38.909234,0],[-76.777039,38.909339,0],[-76.777058,38.909472,0],[-76.777098,38.909582,0],[-76.77708,38.909667,0],[-76.777101,38.909767,0],[-76.777122,38.909917,0],[-76.777193,38.910283,0]]},"properties":{"coaster":"Superman - Ride Of Steel","park":"Six Flags America","make":"Intamin Amusement Rides","track":"Steel","rcdb":"https://rcdb.com/699.htm","color":"FF2929","opened":"5/13/2000","model":"Mega Coaster","length":"5,350","height":205,"speed":73,"inversions":0,"lat":38.91039855,"long":-76.77721788,"status":"DEFUNCT"}},{"type":"Feature","geometry":{"type":"LineString","coordinates":[[-80.939753,35.103345,0],[-80.939559,35.103116,0],[-80.937987,35.101354,0],[-80.93787,35.101214,0],[-80.937882,35.10109,0],[-80.937992,35.101033,0],[-80.938169,35.101006,0],[-80.938301,35.100958,0],[-80.938543,35.100806,0],[-80.939787,35.099484,0],[-80.939933,35.099395,0],[-80.940081,35.09936,0],[-80.940182,35.099309,0],[-80.940207,35.099226,0],[-80.940102,35.099164,0],[-80.939994,35.099161,0],[-80.939927,35.099253,0],[-80.939927,35.099336,0],[-80.939863,35.099445,0],[-80.938202,35.101226,0],[-80.938114,35.101366,0],[-80.938144,35.101559,0],[-80.938519,35.102615,0],[-80.93854,35.102754,0],[-80.938477,35.102825,0],[-80.938363,35.102847,0],[-80.938193,35.102787,0],[-80.938122,35.102671,0],[-80.938201,35.102506,0],[-80.938321,35.102508,0],[-80.938441,35.102602,0],[-80.938618,35.102727,0],[-80.938964,35.102983,0],[-80.939599,35.10343,0],[-80.939716,35.103454,0],[-80.939766,35.103413,0],[-80.939753,35.103345,0]]},"properties":{"coaster":"Thunder Striker","park":"Carowinds","make":"Bolliger & Mabillard","track":"Steel","length":"5,316","color":"FF0000","rcdb":"https://rcdb.com/8588.htm","opened":"3/27/2010","model":"Hyper Coaster","height":232,"speed":75,"inversions":0,"lat":35.10305615,"long":-80.93950617,"status":"OPERATING"}},{"type":"Feature","geometry":{"type":"LineString","coordinates":[[-76.772422,38.90906,0],[-76.772821,38.909422,0],[-76.772896,38.909441,0],[-76.773789,38.90888,0],[-76.773955,38.908753,0],[-76.77489,38.90854,0],[-76.775744,38.908415,0],[-76.776059,38.908368,0],[-76.776138,38.908433,0],[-76.776116,38.908501,0],[-76.776036,38.908557,0],[-76.77491,38.908571,0],[-76.77371,38.908826,0],[-76.773159,38.909229,0],[-76.77296,38.909434,0],[-76.772955,38.909545,0],[-76.772939,38.90965,0],[-76.772847,38.909731,0],[-76.772756,38.909767,0],[-76.772608,38.909749,0],[-76.77254,38.909672,0],[-76.772497,38.909554,0],[-76.772586,38.909499,0],[-76.772748,38.909501,0],[-76.772829,38.90958,0],[-76.772832,38.909686,0],[-76.772756,38.909749,0],[-76.772612,38.909786,0],[-76.772528,38.909754,0],[-76.772467,38.909686,0],[-76.772244,38.909283,0],[-76.772178,38.909165,0],[-76.772162,38.909117,0],[-76.772219,38.909068,0],[-76.772317,38.909025,0],[-76.772422,38.90906,0]]},"properties":{"coaster":"Wild One","park":"Six Flags America","make":"Philadelphia Toboggan Coasters","track":"Wood","length":"4,000","color":"5E3F2D","rcdb":"https://rcdb.com/148.htm","opened":"5/3/1986","model":"Wooden Coaster","height":98,"speed":53,"inversions":0,"lat":"38.90922150","long":-76.77264873,"status":"DEFUNCT"}},{"type":"Feature","geometry":{"type":"LineString","coordinates":[[-77.443207,37.840118],[-77.443126,37.840228],[-77.443097,37.840242],[-77.443059,37.840245],[-77.443033,37.840241],[-77.443016,37.840219],[-77.443003,37.840188],[-77.443029,37.840161],[-77.443123,37.840069],[-77.443158,37.840059],[-77.443201,37.840063],[-77.443218,37.84009],[-77.443206,37.840118]]},"properties":{"coaster":"Great Pumpkin Coaster","park":"Kings Dominion","make":"E&F Miler Industries","track":"Steel","color":"6D78B5","rcdb":"https://rcdb.com/456.htm","opened":"3/29/1997","model":"Family Coaster","length":144,"height":8,"speed":10,"inversions":0,"lat":37.84004048,"long":-77.44339332,"status":"OPERATING"}},{"type":"Feature","geometry":{"type":"LineString","coordinates":[[-80.940885,35.100678,0],[-80.941133,35.099623,0],[-80.941172,35.099546,0],[-80.941266,35.099523,0],[-80.94132,35.09956,0],[-80.941384,35.099675,0],[-80.941412,35.100045,0],[-80.941373,35.099951,0],[-80.941388,35.100131,0],[-80.94141,35.100228,0],[-80.94153,35.100542,0],[-80.94144,35.100371,0],[-80.941349,35.100285,0],[-80.941247,35.10018,0],[-80.941205,35.100102,0],[-80.941118,35.099997,0],[-80.941039,35.099852,0],[-80.940888,35.099687,0],[-80.940872,35.099611,0],[-80.940897,35.099524,0],[-80.940615,35.09966,0],[-80.940551,35.099727,0],[-80.940612,35.099733,0],[-80.940755,35.099766,0],[-80.940851,35.099901,0],[-80.940983,35.100162,0],[-80.941064,35.10026,0],[-80.941187,35.100364,0],[-80.941259,35.100449,0],[-80.941245,35.100535,0],[-80.941203,35.100632,0],[-80.94128,35.10074,0],[-80.941406,35.100845,0],[-80.941512,35.100868,0],[-80.941564,35.100836,0],[-80.941568,35.100778,0],[-80.941508,35.100731,0],[-80.941405,35.100738,0],[-80.941261,35.100776,0],[-80.9411,35.100838,0],[-80.941015,35.100852,0],[-80.940939,35.10084,0],[-80.940893,35.100797,0],[-80.940877,35.100743,0],[-80.940885,35.100678,0]]},"properties":{"coaster":"Afterburn","park":"Carowinds","make":"Bolliger & Mabillard","track":"Steel","color":"9598c9","rcdb":"https://rcdb.com/527.htm","opened":"3/20/1999","model":"Inverted Coaster","length":"2,956","height":113,"speed":62,"inversions":6,"lat":35.10031312,"long":-80.94094567,"status":"OPERATING"}},{"type":"Feature","geometry":{"type":"LineString","coordinates":[[-77.440553,37.838377,0],[-77.440434,37.837289,0],[-77.440409,37.837174,0],[-77.440476,37.837099,0],[-77.440612,37.837083,0],[-77.44156,37.837235,0],[-77.441453,37.837239,0],[-77.441797,37.837281,0],[-77.441677,37.837286,0],[-77.441598,37.837327,0],[-77.441569,37.837462,0],[-77.441535,37.837632,0],[-77.4415,37.837685,0],[-77.441199,37.837761,0],[-77.441113,37.837791,0],[-77.441097,37.837856,0],[-77.441156,37.83794,0],[-77.441273,37.837961,0],[-77.441392,37.837946,0],[-77.441475,37.837883,0],[-77.441433,37.837796,0],[-77.441333,37.837801,0],[-77.441304,37.837885,0],[-77.441342,37.837932,0],[-77.441395,37.837986,0],[-77.441431,37.838042,0],[-77.441423,37.838106,0],[-77.44138,37.838126,0],[-77.441309,37.838095,0],[-77.441299,37.838033,0],[-77.441414,37.837966,0],[-77.44156,37.837969,0],[-77.441658,37.838023,0],[-77.441672,37.838114,0],[-77.441644,37.838183,0],[-77.441519,37.838223,0],[-77.441418,37.838236,0],[-77.441379,37.838165,0],[-77.441329,37.838126,0],[-77.441216,37.838135,0],[-77.441133,37.838143,0],[-77.441096,37.838093,0],[-77.441023,37.838032,0],[-77.440947,37.838043,0],[-77.440824,37.838051,0],[-77.440822,37.83805,0],[-77.440637,37.837984,0],[-77.440464,37.83793,0],[-77.440362,37.837987,0],[-77.440407,37.838391,0],[-77.440443,37.838426,0],[-77.440477,37.838433,0],[-77.440539,37.838413,0],[-77.440553,37.838377,0]]},"properties":{"coaster":"Anaconda","park":"Kings Dominion","make":"Arrow Dynamics","track":"Steel","model":"Custom Looping Coaster","inversions":4,"long":-77.44054872,"height":144,"speed":50,"status":"DEFUNCT","color":"E85151","rcdb":"https://rcdb.com/92.htm","opened":"3/23/1991","length":"2,700","lat":37.83824477}},{"type":"Feature","geometry":{"type":"LineString","coordinates":[[-76.642749,37.235431,0],[-76.637888,37.233298,0],[-76.637756,37.233246,0],[-76.637529,37.233228,0],[-76.637353,37.233266,0],[-76.637194,37.23336,0],[-76.637092,37.233499,0],[-76.637065,37.233624,0],[-76.637092,37.23374,0],[-76.637157,37.233828,0],[-76.637268,37.233901,0],[-76.6374,37.23393,0],[-76.637558,37.233906,0],[-76.637673,37.233831,0],[-76.637708,37.233768,0],[-76.637704,37.233653,0],[-76.637638,37.233571,0],[-76.637475,37.233548,0],[-76.637382,37.233579,0],[-76.637344,37.23364,0],[-76.637339,37.233707,0],[-76.637374,37.233771,0],[-76.637464,37.233814,0],[-76.637557,37.2338,0],[-76.637649,37.233747,0],[-76.637722,37.233687,0],[-76.637838,37.233596,0],[-76.63798,37.233492,0],[-76.638103,37.233432,0],[-76.638219,37.233412,0],[-76.638394,37.233432,0],[-76.638497,37.233478,0],[-76.640556,37.234389,0],[-76.6407,37.234454,0],[-76.640752,37.234539,0],[-76.640756,37.23463,0],[-76.640816,37.234741,0],[-76.640929,37.234825,0],[-76.642621,37.235621,0],[-76.642701,37.235643,0],[-76.642775,37.235632,0],[-76.642814,37.235591,0],[-76.642837,37.235541,0],[-76.642836,37.23548,0],[-76.642749,37.235431,0]]},"properties":{"coaster":"Apollo's Chariot","park":"Busch Gardens Williamsburg","make":"Bolliger & Mabillard","track":"Steel","rcdb":"https://rcdb.com/531.htm","opened":"3/27/1999","status":"OPERATING","color":"A028EB","model":"Hyper Coaster","length":"4,882","height":210,"speed":73,"inversions":0,"lat":37.23527399,"long":-76.64235312}},{"type":"Feature","geometry":{"type":"LineString","coordinates":[[-77.445235,37.836552,0],[-77.445186,37.836742,0],[-77.445157,37.836754,0],[-77.445118,37.836749,0],[-77.445084,37.83641,0],[-77.445092,37.836394,0],[-77.445128,37.836391,0],[-77.445699,37.836797,0],[-77.445721,37.836826,0],[-77.445691,37.836849,0],[-77.445645,37.836824,0],[-77.445624,37.836787,0],[-77.445603,37.836778,0],[-77.445583,37.836783,0],[-77.445555,37.836821,0],[-77.445532,37.836832,0],[-77.445503,37.836822,0],[-77.445517,37.836745,0],[-77.445516,37.836718,0],[-77.445497,37.836703,0],[-77.445467,37.836711,0],[-77.445455,37.83679,0],[-77.445449,37.836814,0],[-77.445421,37.836817,0],[-77.445399,37.836804,0],[-77.445431,37.83671,0],[-77.445435,37.836689,0],[-77.445416,37.836669,0],[-77.445382,37.836678,0],[-77.445375,37.836701,0],[-77.44536,37.836775,0],[-77.445352,37.836792,0],[-77.445326,37.836801,0],[-77.445306,37.836792,0],[-77.4453,37.836771,0],[-77.445348,37.836672,0],[-77.445355,37.836649,0],[-77.445339,37.83663,0],[-77.445308,37.836634,0],[-77.445289,37.836654,0],[-77.445255,37.83669,0],[-77.445245,37.836738,0],[-77.445257,37.836767,0],[-77.445303,37.836797,0],[-77.445668,37.836845,0],[-77.445704,37.836835,0],[-77.445693,37.83681,0],[-77.44567,37.836797,0],[-77.445335,37.836748,0],[-77.445315,37.836731,0],[-77.445322,37.836711,0],[-77.44535,37.836706,0],[-77.445471,37.836741,0],[-77.445498,37.836738,0],[-77.445504,37.836718,0],[-77.44548,37.836692,0],[-77.445265,37.836549,0],[-77.445235,37.836552,0]]},"properties":{"coaster":"Apple Zapple","park":"Kings Dominion","make":"Mack Rides","track":"Steel","status":"OPERATING","length":"1,312","color":"66E86F","rcdb":"https://rcdb.com/930.htm","opened":"3/23/2002","model":"Wilde Maus","height":52,"speed":35,"inversions":0,"lat":"37.83673600","long":-77.44519926}},{"type":"Feature","geometry":{"type":"LineString","coordinates":[[-84.428271,33.497418,0],[-84.427525,33.499172,0],[-84.427658,33.49894,0],[-84.427759,33.498777,0],[-84.427812,33.498656,0],[-84.428165,33.497791,0],[-84.428167,33.497689,0],[-84.428123,33.497567,0],[-84.428048,33.497434,0],[-84.428005,33.497343,0],[-84.427918,33.497284,0],[-84.427736,33.497198,0],[-84.426379,33.496891,0],[-84.426232,33.496786,0],[-84.426194,33.496705,0],[-84.426116,33.496553,0],[-84.426087,33.496413,0],[-84.426158,33.496332,0],[-84.42627,33.496288,0],[-84.426379,33.49633,0],[-84.426443,33.49643,0],[-84.426383,33.496581,0],[-84.426296,33.496671,0],[-84.426293,33.496673,0],[-84.426274,33.496757,0],[-84.426372,33.496867,0],[-84.428209,33.497325,0],[-84.428268,33.497356,0],[-84.428271,33.497418,0]]},"properties":{"coaster":"ArieForce One","park":"Fun Spot America Atlanta","make":"Rocky Mountain Construction","track":"Steel","status":"CLOSING","long":-84.42823467,"speed":64,"color":"FF0000","rcdb":"https://rcdb.com/19332.htm","opened":"3/31/2023","model":"IBox Track","length":"3,400","height":146,"inversions":4,"lat":33.49739222}},{"type":"Feature","geometry":{"type":"LineString","coordinates":[[-77.442203,37.838704,0],[-77.441931,37.838149,0],[-77.441886,37.838048,0],[-77.44189,37.837998,0],[-77.441972,37.837975,0],[-77.442009,37.838001,0],[-77.44203,37.838052,0],[-77.44203,37.838058,0],[-77.441996,37.838101,0],[-77.441994,37.838102,0],[-77.441942,37.838098,0],[-77.441903,37.838039,0],[-77.44192,37.837993,0],[-77.441975,37.837977,0],[-77.441994,37.837995,0],[-77.44202,37.83803,0],[-77.442018,37.838074,0],[-77.441985,37.838101,0],[-77.441928,37.838077,0],[-77.441911,37.838025,0],[-77.441951,37.837985,0],[-77.442008,37.838011,0],[-77.442009,37.838086,0],[-77.441963,37.8381,0],[-77.441917,37.838062,0],[-77.441941,37.837988,0],[-77.442015,37.838018,0],[-77.442099,37.838097,0],[-77.442178,37.838162,0],[-77.442282,37.838206,0],[-77.442336,37.838244,0],[-77.442377,37.838304,0],[-77.442438,37.838342,0],[-77.442505,37.838363,0],[-77.442562,37.83839,0],[-77.442591,37.838383,0],[-77.44262,37.838362,0],[-77.442622,37.838334,0],[-77.442596,37.838283,0],[-77.442546,37.838236,0],[-77.442473,37.838184,0],[-77.442397,37.838146,0],[-77.44234,37.838113,0],[-77.442295,37.838076,0],[-77.442274,37.838044,0],[-77.442271,37.838008,0],[-77.442266,37.83798,0],[-77.442237,37.837955,0],[-77.442186,37.837961,0],[-77.442152,37.837989,0],[-77.442093,37.838046,0],[-77.442032,37.838113,0],[-77.442022,37.83816,0],[-77.442041,37.838206,0],[-77.442092,37.838254,0],[-77.442147,37.83829,0],[-77.442232,37.838343,0],[-77.442327,37.838406,0],[-77.442471,37.838499,0],[-77.442517,37.83853,0],[-77.442518,37.838532,0],[-77.442519,37.838534,0],[-77.442511,37.838575,0],[-77.442468,37.838596,0],[-77.442425,37.838595,0],[-77.442421,37.838594,0],[-77.442367,37.838556,0],[-77.442366,37.838555,0],[-77.442312,37.838503,0],[-77.442251,37.838449,0],[-77.442191,37.838385,0],[-77.442146,37.838345,0],[-77.442074,37.838293,0],[-77.442002,37.838273,0],[-77.442,37.838272,0],[-77.441948,37.838277,0],[-77.441943,37.838278,0],[-77.44194,37.838279,0],[-77.441904,37.838292,0],[-77.441886,37.838347,0],[-77.441897,37.83839,0],[-77.441921,37.838442,0],[-77.441952,37.838495,0],[-77.442027,37.838635,0],[-77.442073,37.838725,0],[-77.442102,37.838785,0],[-77.442154,37.838817,0],[-77.442202,37.838804,0],[-77.442234,37.83878,0],[-77.442216,37.838738,0],[-77.442203,37.838704,0]]},"properties":{"coaster":"Backlot Stunt Coaster","park":"Kings Dominion","make":"Premier Rides","track":"Steel","color":999999,"speed":40,"rcdb":"https://rcdb.com/3302.htm","opened":"5/27/2006","model":"Special Effects Coaster","length":"1,960","height":45,"inversions":0,"lat":37.83841977,"long":-77.44205806,"status":"OPERATING"}},{"type":"Feature","geometry":{"type":"LineString","coordinates":[[-111.892707,40.98645,0],[-111.892459,40.986446,0],[-111.892418,40.986417,0],[-111.892416,40.986379,0],[-111.89268,40.986056,0],[-111.892672,40.986016,0],[-111.892615,40.986008,0],[-111.892574,40.98603,0],[-111.89258,40.986072,0],[-111.89262,40.986106,0],[-111.892702,40.986094,0],[-111.892734,40.986051,0],[-111.892708,40.985994,0],[-111.892668,40.985967,0],[-111.892606,40.985977,0],[-111.892569,40.985991,0],[-111.892533,40.986046,0],[-111.892527,40.986103,0],[-111.89263,40.986326,0],[-111.892639,40.986372,0],[-111.892618,40.986402,0],[-111.892547,40.986409,0],[-111.892517,40.986381,0],[-111.892527,40.986336,0],[-111.892564,40.98626,0],[-111.892613,40.986218,0],[-111.892677,40.986183,0],[-111.892733,40.986176,0],[-111.892768,40.986187,0],[-111.892791,40.986219,0],[-111.892746,40.986258,0],[-111.892673,40.986257,0],[-111.892606,40.986184,0],[-111.892573,40.986127,0],[-111.892514,40.986111,0],[-111.892449,40.986121,0],[-111.892428,40.986159,0],[-111.892455,40.986206,0],[-111.892693,40.986351,0],[-111.892761,40.986389,0],[-111.892754,40.986431,0],[-111.892707,40.98645,0]]},"properties":{"coaster":"Bat","park":"Lagoon","make":"Vekoma","track":"Steel","color":670096,"rcdb":"https://rcdb.com/2954.htm","opened":"4/16/2005","model":"Suspended Family Coaster","length":"1,122","height":49,"speed":26,"inversions":0,"lat":"40.98644680","long":-111.89249893,"status":"OPERATING"}},{"type":"Feature","geometry":{"type":"LineString","coordinates":[[-115.174999,36.103042,0],[-115.175999,36.10236,0],[-115.176053,36.102305,0],[-115.176124,36.102179,0],[-115.176182,36.102082,0],[-115.176197,36.101874,0],[-115.176201,36.10136,0],[-115.176166,36.101288,0],[-115.176163,36.101287,0],[-115.176063,36.101252,0],[-115.174504,36.101264,0],[-115.174397,36.101277,0],[-115.174254,36.101333,0],[-115.174109,36.101402,0],[-115.174003,36.101505,0],[-115.173981,36.101648,0],[-115.173973,36.101734,0],[-115.173968,36.101875,0],[-115.173952,36.101745,0],[-115.173939,36.101894,0],[-115.173925,36.102106,0],[-115.173933,36.102283,0],[-115.173921,36.10256,0],[-115.173917,36.102315,0],[-115.173916,36.102185,0],[-115.173968,36.102057,0],[-115.174013,36.101942,0],[-115.174095,36.101654,0],[-115.174109,36.101578,0],[-115.174086,36.101492,0],[-115.174037,36.101442,0],[-115.173956,36.101444,0],[-115.173892,36.101473,0],[-115.173857,36.101548,0],[-115.173858,36.101552,0],[-115.173855,36.101686,0],[-115.173856,36.101779,0],[-115.173888,36.101864,0],[-115.173929,36.101993,0],[-115.173941,36.102078,0],[-115.17396,36.102147,0],[-115.173965,36.102234,0],[-115.173971,36.102338,0],[-115.173978,36.102436,0],[-115.174,36.102505,0],[-115.17402,36.102578,0],[-115.174023,36.102648,0],[-115.173972,36.102685,0],[-115.173906,36.102693,0],[-115.173849,36.102677,0],[-115.173795,36.102626,0],[-115.173775,36.10255,0],[-115.173759,36.102422,0],[-115.173778,36.101688,0],[-115.173771,36.101595,0],[-115.173798,36.101534,0],[-115.173847,36.101508,0],[-115.173962,36.101524,0],[-115.173998,36.101592,0],[-115.173962,36.101674,0],[-115.173888,36.101693,0],[-115.173821,36.101672,0],[-115.173784,36.101648,0],[-115.17378,36.10157,0],[-115.173825,36.101516,0],[-115.173926,36.101509,0],[-115.17399,36.10156,0],[-115.174001,36.101642,0],[-115.174012,36.101766,0],[-115.174017,36.102478,0],[-115.174033,36.102523,0],[-115.174087,36.102566,0],[-115.174508,36.102921,0],[-115.174999,36.103042,0]]},"properties":{"coaster":"Big Apple Coaster","park":"New York, New York Hotel & Casino","make":"Togo","track":"Steel","length":"4,777","color":"F74848","rcdb":"https://rcdb.com/139.htm","opened":"1/3/1997","model":"Mega Coaster","height":203,"speed":67,"inversions":2,"lat":36.10317645,"long":-115.17471046,"status":"OPERATING"}},{"type":"Feature","geometry":{"type":"LineString","coordinates":[[-76.644403,37.230663,0],[-76.644619,37.230548,0],[-76.64508,37.230409,0],[-76.645133,37.230432,0],[-76.645158,37.230484,0],[-76.645092,37.230543,0],[-76.644683,37.230769,0],[-76.644598,37.230808,0],[-76.644472,37.230798,0],[-76.644356,37.23077,0],[-76.64426,37.230652,0],[-76.644199,37.23056,0],[-76.644105,37.230495,0],[-76.643984,37.230462,0],[-76.643869,37.230432,0],[-76.643782,37.230373,0],[-76.643749,37.230298,0],[-76.643773,37.230178,0],[-76.643805,37.230074,0],[-76.643785,37.229924,0],[-76.643699,37.2298,0],[-76.643585,37.229736,0],[-76.64346,37.229709,0],[-76.643363,37.229693,0],[-76.643263,37.229646,0],[-76.643244,37.229582,0],[-76.643277,37.229497,0],[-76.64336,37.229405,0],[-76.643355,37.229314,0],[-76.64328,37.229253,0],[-76.643185,37.229266,0],[-76.643133,37.229347,0],[-76.643179,37.229434,0],[-76.643243,37.229499,0],[-76.643349,37.229537,0],[-76.643435,37.229571,0],[-76.64356,37.229645,0],[-76.643604,37.229786,0],[-76.643608,37.229849,0],[-76.643599,37.230407,0],[-76.64362,37.230562,0],[-76.643692,37.230641,0],[-76.643803,37.230721,0],[-76.643906,37.230742,0],[-76.644045,37.23075,0],[-76.644163,37.230788,0],[-76.644231,37.230888,0],[-76.644264,37.230991,0],[-76.644317,37.231045,0],[-76.644391,37.231046,0],[-76.644445,37.231003,0],[-76.644424,37.230951,0],[-76.644321,37.230886,0],[-76.644229,37.2308,0],[-76.64426,37.230737,0],[-76.644403,37.230663,0]]},"properties":{"coaster":"Big Bad Wolf: The Wolf's Revenge","park":"Busch Gardens Williamsburg","make":"Bolliger & Mabillard","track":"Steel","color":"D60404","inversions":0,"rcdb":"https://rcdb.com/22111.htm","opened":"5/23/2025","model":"Family Inverted Coaster","length":"2,583","height":67,"speed":40,"lat":37.23044842,"long":-76.64501303,"status":"OPERATING"}},{"type":"Feature","geometry":{"type":"LineString","coordinates":[[-83.530036,35.798685,0],[-83.530347,35.798287,0],[-83.530398,35.79822,0],[-83.530408,35.798163,0],[-83.529798,35.797543,0],[-83.529658,35.797413,0],[-83.529612,35.797316,0],[-83.529598,35.797203,0],[-83.529517,35.797132,0],[-83.529411,35.797084,0],[-83.529322,35.797048,0],[-83.529278,35.796996,0],[-83.52931,35.79692,0],[-83.52941,35.796879,0],[-83.529516,35.796896,0],[-83.529627,35.796859,0],[-83.529759,35.796779,0],[-83.529871,35.796731,0],[-83.529979,35.796745,0],[-83.530118,35.79678,0],[-83.530238,35.796764,0],[-83.530313,35.796687,0],[-83.530366,35.796566,0],[-83.530365,35.796391,0],[-83.530316,35.796299,0],[-83.530227,35.79626,0],[-83.530131,35.796284,0],[-83.530093,35.796347,0],[-83.530094,35.796347,0],[-83.530161,35.796421,0],[-83.530264,35.796492,0],[-83.530266,35.796495,0],[-83.530304,35.796585,0],[-83.530221,35.796659,0],[-83.530126,35.796734,0],[-83.530042,35.796829,0],[-83.529985,35.796884,0],[-83.529875,35.796882,0],[-83.52975,35.796869,0],[-83.529622,35.79688,0],[-83.52957,35.796978,0],[-83.529646,35.797101,0],[-83.529702,35.797214,0],[-83.529697,35.797355,0],[-83.529708,35.797495,0],[-83.529709,35.797499,0],[-83.529763,35.797575,0],[-83.529875,35.797692,0],[-83.530263,35.79811,0],[-83.530351,35.798194,0],[-83.530371,35.798325,0],[-83.530397,35.798386,0],[-83.530472,35.798406,0],[-83.530539,35.798386,0],[-83.530632,35.798304,0],[-83.530758,35.79819,0],[-83.530848,35.798147,0],[-83.531018,35.79818,0],[-83.531086,35.798254,0],[-83.531086,35.798334,0],[-83.530999,35.798415,0],[-83.530903,35.798424,0],[-83.530768,35.798456,0],[-83.530657,35.798539,0],[-83.530655,35.798541,0],[-83.53057,35.798595,0],[-83.530436,35.798533,0],[-83.530352,35.798491,0],[-83.53027,35.798477,0],[-83.530202,35.798565,0],[-83.530161,35.798726,0],[-83.530103,35.798868,0],[-83.530107,35.798921,0],[-83.530154,35.79897,0],[-83.530237,35.798975,0],[-83.530291,35.798911,0],[-83.530321,35.798795,0],[-83.530406,35.798719,0],[-83.530618,35.798611,0],[-83.530781,35.798548,0],[-83.530844,35.798447,0],[-83.530806,35.798363,0],[-83.530777,35.798275,0],[-83.530872,35.798193,0],[-83.530965,35.798248,0],[-83.53097,35.798332,0],[-83.530968,35.798334,0],[-83.530875,35.798377,0],[-83.5307,35.79839,0],[-83.530594,35.798457,0],[-83.530407,35.798592,0],[-83.530175,35.79877,0],[-83.530086,35.79878,0],[-83.530034,35.798734,0],[-83.530036,35.798685,0]]},"properties":{"coaster":"Big Bear Mountain","park":"Dollywood","make":"Vekoma","track":"Steel","color":"F54100","rcdb":"https://rcdb.com/20328.htm","opened":"5/12/2023","model":"Family Launch Coaster","length":"3,990","height":66,"speed":48,"inversions":0,"lat":35.79835418,"long":-83.53023437,"status":"OPERATING"}},{"type":"Feature","geometry":{"type":"LineString","coordinates":[[-83.5294,35.793657,0],[-83.529384,35.79339,0],[-83.529006,35.793421,0],[-83.529018,35.793651,0],[-83.52932,35.793655,0],[-83.529314,35.793497,0],[-83.529214,35.7935,0],[-83.529224,35.793696,0],[-83.528986,35.793694,0],[-83.528964,35.793482,0],[-83.529275,35.793463,0],[-83.529277,35.793717,0],[-83.529158,35.793724,0],[-83.529151,35.793562,0],[-83.529138,35.793557,0],[-83.529133,35.793523,0],[-83.528929,35.793527,0],[-83.528947,35.793711,0],[-83.529066,35.793745,0],[-83.529111,35.793742,0],[-83.529124,35.793757,0],[-83.529285,35.793751,0],[-83.529353,35.793739,0],[-83.52938,35.793716,0],[-83.529394,35.793673,0],[-83.5294,35.793657,0]]},"properties":{"coaster":"Blazing Fury","park":"Dollywood","make":"Built in-house","track":"Steel","model":"Dark Ride Coaster","speed":22,"color":171717,"rcdb":"https://rcdb.com/501.htm","opened":"6/6/1978","length":"1,520","height":22,"inversions":0,"lat":"35.79357700","long":-83.52943826,"status":"OPERATING"}},{"type":"Feature","geometry":{"type":"LineString","coordinates":[[-111.892614,40.985554,0],[-111.892602,40.985439,0],[-111.892595,40.985409,0],[-111.892541,40.985385,0],[-111.892119,40.985398,0],[-111.89207,40.985406,0],[-111.892049,40.985438,0],[-111.892062,40.985477,0],[-111.892096,40.985486,0],[-111.89214,40.985478,0],[-111.892226,40.98545,0],[-111.89229,40.985419,0],[-111.892355,40.985405,0],[-111.892423,40.985425,0],[-111.892439,40.985468,0],[-111.892419,40.985509,0],[-111.892363,40.985521,0],[-111.892313,40.985504,0],[-111.892304,40.985465,0],[-111.89234,40.985426,0],[-111.892414,40.985442,0],[-111.892436,40.985488,0],[-111.892425,40.985531,0],[-111.892424,40.985574,0],[-111.892435,40.985601,0],[-111.892488,40.985607,0],[-111.892539,40.985582,0],[-111.892531,40.985532,0],[-111.892479,40.985515,0],[-111.892402,40.985534,0],[-111.892346,40.985556,0],[-111.89223,40.985544,0],[-111.892149,40.98555,0],[-111.892084,40.985527,0],[-111.892068,40.985495,0],[-111.892068,40.985444,0],[-111.892114,40.98542,0],[-111.892186,40.985413,0],[-111.89222,40.985463,0],[-111.892194,40.9855,0],[-111.892148,40.985519,0],[-111.89207,40.98553,0],[-111.892046,40.985556,0],[-111.892055,40.985604,0],[-111.892113,40.98562,0],[-111.892536,40.985631,0],[-111.892577,40.985627,0],[-111.892601,40.985605,0],[-111.892614,40.985554,0]]},"properties":{"coaster":"Bombora","park":"Lagoon","make":"ART Engineering","track":"Steel","color":"0F17D1","inversions":0,"lat":40.98547129,"rcdb":"https://rcdb.com/9223.htm","opened":"4/2/2011","model":"Family Coaster","length":"1,040","height":45,"speed":31,"long":-111.89260047,"status":"OPERATING"}},{"type":"Feature","geometry":{"type":"LineString","coordinates":[[-76.658481,40.286455,0],[-76.662029,40.285238,0],[-76.662204,40.285195,0],[-76.662436,40.285201,0],[-76.662624,40.285182,0],[-76.662739,40.285079,0],[-76.662722,40.284972,0],[-76.662641,40.284942,0],[-76.662393,40.285055,0],[-76.662063,40.285196,0],[-76.659911,40.285933,0],[-76.65972,40.285973,0],[-76.659572,40.285927,0],[-76.659497,40.285835,0],[-76.659503,40.285677,0],[-76.659644,40.285596,0],[-76.659788,40.285574,0],[-76.659859,40.285686,0],[-76.659867,40.285787,0],[-76.659702,40.285938,0],[-76.65906,40.286789,0],[-76.658926,40.286953,0],[-76.658929,40.287089,0],[-76.659029,40.287182,0],[-76.659177,40.287208,0],[-76.659297,40.287184,0],[-76.659426,40.287089,0],[-76.659409,40.286968,0],[-76.659284,40.286853,0],[-76.659056,40.286721,0],[-76.658882,40.286749,0],[-76.658879,40.28675,0],[-76.658657,40.28679,0],[-76.658421,40.286808,0],[-76.657872,40.28691,0],[-76.657728,40.286889,0],[-76.65768,40.286783,0],[-76.657761,40.28668,0],[-76.658001,40.286595,0],[-76.658481,40.286455,0]]},"properties":{"coaster":"Candymonium","park":"Hersheypark","make":"Bolliger & Mabillard","track":"Steel","speed":76,"color":"6B340B","rcdb":"https://rcdb.com/16682.htm","opened":"7/3/2020","model":"Hyper Coaster","length":"4,636","height":210,"inversions":0,"lat":40.28634742,"long":-76.65881834,"status":"OPERATING"}},{"type":"Feature","geometry":{"type":"LineString","coordinates":[[-111.895617,40.987689,0],[-111.895099,40.987678,0],[-111.895054,40.987666,0],[-111.895064,40.987353,0],[-111.895061,40.987309,0],[-111.895128,40.987307,0],[-111.895689,40.987355,0],[-111.896037,40.987349,0],[-111.895821,40.987399,0],[-111.895544,40.987406,0],[-111.895271,40.987426,0],[-111.895046,40.987461,0],[-111.895519,40.987475,0],[-111.895844,40.987436,0],[-111.895949,40.987409,0],[-111.895956,40.987329,0],[-111.895926,40.987269,0],[-111.895798,40.987267,0],[-111.895661,40.987276,0],[-111.89554,40.987267,0],[-111.89539,40.987192,0],[-111.895265,40.987182,0],[-111.895227,40.987222,0],[-111.895227,40.987225,0],[-111.895208,40.987316,0],[-111.895211,40.987555,0],[-111.895281,40.987604,0],[-111.895361,40.987601,0],[-111.895478,40.987565,0],[-111.895591,40.987534,0],[-111.895729,40.987513,0],[-111.895876,40.987514,0],[-111.896031,40.987485,0],[-111.89609,40.987446,0],[-111.896113,40.98739,0],[-111.896101,40.987301,0],[-111.895987,40.987256,0],[-111.895859,40.98732,0],[-111.895911,40.98746,0],[-111.895943,40.987556,0],[-111.895894,40.987637,0],[-111.895791,40.987672,0],[-111.895684,40.987638,0],[-111.895652,40.98756,0],[-111.895661,40.987508,0],[-111.895716,40.987453,0],[-111.895885,40.987455,0],[-111.89594,40.987505,0],[-111.895941,40.987509,0],[-111.895928,40.987623,0],[-111.895861,40.987662,0],[-111.895763,40.987685,0],[-111.895682,40.987687,0],[-111.895617,40.987689,0]]},"properties":{"coaster":"Cannibal","park":"Lagoon","make":"ART Engineering","track":"Steel","speed":70,"lat":40.98745104,"color":"CF0808","rcdb":"https://rcdb.com/11579.htm","opened":"7/2/2015","model":"Mega Coaster","length":"2,735","height":208,"inversions":3,"long":-111.89509919,"status":"OPERATING"}},{"type":"Feature","geometry":{"type":"LineString","coordinates":[[-80.943803,35.103908,0],[-80.9435,35.104419,0],[-80.9435,35.104491,0],[-80.943569,35.10452,0],[-80.943623,35.104472,0],[-80.944032,35.103698,0],[-80.94408,35.103617,0],[-80.944077,35.10355,0],[-80.944,35.103511,0],[-80.943923,35.103528,0],[-80.943638,35.103993,0],[-80.943675,35.103905,0],[-80.943526,35.104191,0],[-80.943548,35.104118,0],[-80.943454,35.104307,0],[-80.943368,35.104433,0],[-80.943298,35.10448,0],[-80.943179,35.104465,0],[-80.943086,35.104386,0],[-80.943092,35.104309,0],[-80.943137,35.104254,0],[-80.94327,35.104217,0],[-80.943246,35.104129,0],[-80.943264,35.104063,0],[-80.943422,35.104023,0],[-80.9434,35.103917,0],[-80.943401,35.103787,0],[-80.943458,35.103685,0],[-80.943619,35.103622,0],[-80.943746,35.103652,0],[-80.943766,35.103718,0],[-80.943731,35.1038,0],[-80.943601,35.103824,0],[-80.943516,35.103723,0],[-80.943636,35.103604,0],[-80.943761,35.103636,0],[-80.943834,35.103734,0],[-80.943819,35.103844,0],[-80.943803,35.103908,0]]},"properties":{"coaster":"Carolina Cyclone","park":"Carowinds","make":"Arrow Dynamics","track":"Steel","height":95,"color":"00DDEB","rcdb":"https://rcdb.com/81.htm","model":"Custom Looping Coaster","opened":"3/22/1980","length":"2,100","speed":41,"inversions":4,"lat":35.10432878,"long":-80.94357547,"status":"OPERATING"}},{"type":"Feature","geometry":{"type":"LineString","coordinates":[[-80.942617,35.102839,0],[-80.942821,35.103275,0],[-80.942833,35.103347,0],[-80.94276,35.103409,0],[-80.942686,35.103452,0],[-80.942532,35.103551,0],[-80.942483,35.103572,0],[-80.942449,35.103546,0],[-80.942443,35.103501,0],[-80.942509,35.103444,0],[-80.942669,35.103323,0],[-80.942731,35.103277,0],[-80.942699,35.103213,0],[-80.942654,35.103168,0],[-80.942607,35.103162,0],[-80.942505,35.103228,0],[-80.942061,35.103569,0],[-80.941995,35.103593,0],[-80.941936,35.103569,0],[-80.94188,35.103503,0],[-80.941874,35.103428,0],[-80.942554,35.103127,0],[-80.942626,35.103014,0],[-80.942609,35.102935,0],[-80.942542,35.102856,0],[-80.942457,35.102853,0],[-80.942384,35.102938,0],[-80.942422,35.103006,0],[-80.942534,35.103059,0],[-80.942588,35.102989,0],[-80.942589,35.102889,0],[-80.942486,35.102823,0],[-80.941654,35.10251,0],[-80.941586,35.102444,0],[-80.941586,35.102369,0],[-80.941648,35.102305,0],[-80.941753,35.102309,0],[-80.941831,35.102394,0],[-80.941798,35.102471,0],[-80.941697,35.102494,0],[-80.941611,35.102444,0],[-80.94169,35.102292,0],[-80.941787,35.102261,0],[-80.941879,35.10229,0],[-80.942011,35.102379,0],[-80.942261,35.10254,0],[-80.942483,35.10269,0],[-80.942617,35.102839,0]]},"properties":{"coaster":"Carolina Goldrusher","park":"Carowinds","make":"Arrow Dynamics","track":"Steel","color":"26302A","rcdb":"https://rcdb.com/83.htm","opened":"3/31/1973","model":"Mine Train","length":"2,397","height":43,"speed":30,"inversions":0,"lat":35.10322129,"long":-80.94284701,"status":"OPERATING"}},{"type":"Feature","geometry":{"type":"LineString","coordinates":[[-111.895231,40.983319,0],[-111.895232,40.983327,0],[-111.895211,40.983923,0],[-111.895188,40.983962,0],[-111.895118,40.983983,0],[-111.895039,40.983967,0],[-111.894968,40.983928,0],[-111.894928,40.983859,0],[-111.89493,40.983777,0],[-111.894962,40.983708,0],[-111.895038,40.983604,0],[-111.894985,40.983728,0],[-111.895137,40.983475,0],[-111.895084,40.983607,0],[-111.895178,40.983449,0],[-111.895187,40.983385,0],[-111.89516,40.983329,0],[-111.895098,40.983295,0],[-111.895045,40.983288,0],[-111.894993,40.983297,0],[-111.894948,40.983318,0],[-111.894907,40.983363,0],[-111.8949,40.983422,0],[-111.894926,40.983474,0],[-111.894971,40.983518,0],[-111.895045,40.983544,0],[-111.895114,40.983543,0],[-111.895185,40.983518,0],[-111.895225,40.983481,0],[-111.895233,40.983424,0],[-111.895215,40.983367,0],[-111.895172,40.983326,0],[-111.895083,40.983311,0],[-111.895017,40.983329,0],[-111.894972,40.983354,0],[-111.894954,40.983392,0],[-111.89496,40.983451,0],[-111.894986,40.983492,0],[-111.89518,40.983749,0],[-111.895213,40.983815,0],[-111.895196,40.983876,0],[-111.895161,40.983907,0],[-111.895096,40.983925,0],[-111.895037,40.983923,0],[-111.894985,40.983895,0],[-111.894957,40.983832,0],[-111.894977,40.983765,0],[-111.895066,40.98373,0],[-111.895159,40.983759,0],[-111.895185,40.983851,0],[-111.895132,40.983898,0],[-111.89507,40.983905,0],[-111.894993,40.983877,0],[-111.894964,40.983819,0],[-111.894982,40.98375,0],[-111.895049,40.983718,0],[-111.895143,40.98372,0],[-111.895204,40.983769,0],[-111.895217,40.983835,0],[-111.8952,40.983896,0],[-111.895141,40.983929,0],[-111.895051,40.98393,0],[-111.894971,40.983892,0],[-111.89491,40.983823,0],[-111.89491,40.983822,0],[-111.89492,40.983308,0],[-111.894927,40.983278,0],[-111.894977,40.983253,0],[-111.895156,40.983257,0],[-111.895211,40.983261,0],[-111.895231,40.983319,0]]},"properties":{"coaster":"Colossus the Fire Dragon","park":"Lagoon","make":"Schwarzkopf","track":"Steel","height":87,"long":-111.89523361,"color":"3131D6","rcdb":"https://rcdb.com/197.htm","opened":"4/1/1983","model":"Double Looping","length":"2,297","speed":49,"inversions":2,"lat":40.98345111,"status":"OPERATING"}},{"type":"Feature","geometry":{"type":"LineString","coordinates":[[-76.655015,40.287286,0],[-76.655151,40.287093,0],[-76.655625,40.286444,0],[-76.655686,40.286313,0],[-76.655734,40.286176,0],[-76.655807,40.285972,0],[-76.655869,40.285856,0],[-76.655898,40.28578,0],[-76.655894,40.285743,0],[-76.655819,40.285701,0],[-76.655758,40.285716,0],[-76.655729,40.28576,0],[-76.655732,40.285845,0],[-76.65573,40.286002,0],[-76.655726,40.286086,0],[-76.655682,40.286222,0],[-76.655644,40.286332,0],[-76.655613,40.286422,0],[-76.655561,40.286499,0],[-76.655458,40.286636,0],[-76.655343,40.286772,0],[-76.655209,40.286931,0],[-76.655166,40.286985,0],[-76.655156,40.287036,0],[-76.655193,40.287078,0],[-76.655258,40.287108,0],[-76.655322,40.287106,0],[-76.655382,40.28708,0],[-76.655424,40.287006,0],[-76.655515,40.286831,0],[-76.655617,40.286605,0],[-76.655654,40.28652,0],[-76.655745,40.286452,0],[-76.655867,40.286427,0],[-76.656096,40.286434,0],[-76.656305,40.286444,0],[-76.656448,40.286484,0],[-76.656607,40.286568,0],[-76.656762,40.286678,0],[-76.656875,40.286767,0],[-76.656986,40.286814,0],[-76.657097,40.286811,0],[-76.657164,40.286741,0],[-76.657149,40.28668,0],[-76.657104,40.286639,0],[-76.656966,40.286586,0],[-76.656303,40.286427,0],[-76.65607,40.286406,0],[-76.655772,40.286409,0],[-76.655684,40.286462,0],[-76.655632,40.286523,0],[-76.655404,40.287001,0],[-76.655359,40.287184,0],[-76.655305,40.287335,0],[-76.655252,40.287403,0],[-76.655211,40.287436,0],[-76.655141,40.287454,0],[-76.65503,40.287412,0],[-76.654977,40.287357,0],[-76.655015,40.287286,0]]},"properties":{"coaster":"Comet","park":"Hersheypark","make":"Philadelphia Toboggan Coasters","track":"Wood","color":"5E3F2D","rcdb":"https://rcdb.com/106.htm","opened":"5/30/1946","model":"Wooden Coaster","length":"3,360","height":84,"speed":50,"inversions":0,"lat":40.28712885,"long":"-76.65513070","status":"OPERATING"}},{"type":"Feature","geometry":{"type":"LineString","coordinates":[[-80.942807,35.101439,0],[-80.942798,35.101613,0],[-80.942831,35.10173,0],[-80.942805,35.101821,0],[-80.942735,35.101828,0],[-80.942674,35.101799,0],[-80.942656,35.101699,0],[-80.942743,35.101035,0],[-80.942695,35.101164,0],[-80.942728,35.100711,0],[-80.942912,35.100659,0],[-80.942907,35.100536,0],[-80.942957,35.100435,0],[-80.943054,35.100408,0],[-80.943157,35.100412,0],[-80.943229,35.100433,0],[-80.943338,35.100442,0],[-80.943379,35.100409,0],[-80.943389,35.100337,0],[-80.943347,35.100292,0],[-80.943281,35.100281,0],[-80.943202,35.10029,0],[-80.943172,35.100338,0],[-80.943172,35.100461,0],[-80.942971,35.101329,0],[-80.942967,35.101431,0],[-80.942985,35.101466,0],[-80.943082,35.101492,0],[-80.943201,35.101538,0],[-80.94322,35.101489,0],[-80.943283,35.101363,0],[-80.943297,35.101252,0],[-80.943218,35.101163,0],[-80.943104,35.101135,0],[-80.942941,35.101123,0],[-80.943097,35.101172,0],[-80.942891,35.10113,0],[-80.942756,35.10113,0],[-80.942611,35.101131,0],[-80.94258,35.101087,0],[-80.942572,35.101023,0],[-80.942632,35.10093,0],[-80.942703,35.10092,0],[-80.942805,35.100891,0],[-80.942839,35.100842,0],[-80.942852,35.100756,0],[-80.9429,35.100682,0],[-80.943017,35.100661,0],[-80.94312,35.100627,0],[-80.943149,35.100573,0],[-80.943125,35.100513,0],[-80.943046,35.100473,0],[-80.942966,35.100478,0],[-80.942939,35.100519,0],[-80.942956,35.100598,0],[-80.94299,35.100646,0],[-80.943061,35.100701,0],[-80.943104,35.100775,0],[-80.943062,35.100849,0],[-80.942973,35.100852,0],[-80.942907,35.100804,0],[-80.942877,35.100737,0],[-80.942831,35.100661,0],[-80.942746,35.100617,0],[-80.942652,35.100634,0],[-80.942626,35.100693,0],[-80.942665,35.100797,0],[-80.942696,35.100864,0],[-80.942747,35.100928,0],[-80.942774,35.101001,0],[-80.94279,35.101142,0],[-80.942807,35.101439,0]]},"properties":{"coaster":"Copperhead Strike","park":"Carowinds","make":"Mack Rides","track":"Steel","length":"3,255","speed":50,"lat":35.10157915,"color":"E86B25","rcdb":"https://rcdb.com/16349.htm","opened":"3/23/2019","model":"Launch Coaster","height":82,"inversions":5,"long":-80.94282857,"status":"OPERATING"}},{"type":"Feature","geometry":{"type":"LineString","coordinates":[[-76.646854,37.231997,0],[-76.646817,37.23206,0],[-76.646818,37.232117,0],[-76.647067,37.232239,0],[-76.647127,37.232224,0],[-76.647278,37.232006,0],[-76.647423,37.2318,0],[-76.647395,37.231764,0],[-76.647314,37.231746,0],[-76.647231,37.231788,0],[-76.647117,37.231789,0],[-76.647015,37.231864,0],[-76.64695,37.231929,0],[-76.646906,37.232026,0],[-76.646934,37.232086,0],[-76.646992,37.232103,0],[-76.647057,37.232076,0],[-76.647153,37.231781,0],[-76.647179,37.231726,0],[-76.647262,37.231673,0],[-76.647332,37.231681,0],[-76.647379,37.231713,0],[-76.647389,37.231797,0],[-76.647371,37.231829,0],[-76.647295,37.231886,0],[-76.647251,37.231984,0],[-76.64718,37.232054,0],[-76.647179,37.232054,0],[-76.647097,37.232084,0],[-76.647016,37.232068,0],[-76.646974,37.23201,0],[-76.646981,37.23194,0],[-76.64707,37.231876,0],[-76.647173,37.231856,0],[-76.647251,37.231811,0],[-76.647272,37.231748,0],[-76.647223,37.2317,0],[-76.647162,37.231683,0],[-76.64707,37.231709,0],[-76.646995,37.231784,0],[-76.646854,37.231997,0],[-76.64685,37.232033,0],[-76.646864,37.232084,0],[-76.646925,37.232116,0],[-76.646984,37.232138,0],[-76.64704,37.232175,0],[-76.647089,37.232178,0],[-76.647132,37.232189,0],[-76.647166,37.23217,0]]},"properties":{"coaster":"DarKoaster","park":"Busch Gardens Williamsburg","make":"Intamin Amusement Rides","track":"Steel","opened":"5/19/2023","model":"Family Launch Coaster","color":"0A0A0A","rcdb":"https://rcdb.com/7706.htm","length":"2,454","height":37,"speed":36,"inversions":0,"lat":37.23201738,"long":-76.64702033,"status":"OPERATING"}},{"type":"Feature","geometry":{"type":"LineString","coordinates":[[-77.443718,37.841007,0],[-77.443207,37.841059,0],[-77.443036,37.841059,0],[-77.442941,37.841063,0],[-77.442828,37.841131,0],[-77.442765,37.841156,0],[-77.442731,37.84115,0],[-77.442671,37.841129,0],[-77.44266,37.841071,0],[-77.442686,37.841019,0],[-77.442838,37.840982,0],[-77.444064,37.840821,0],[-77.444164,37.840822,0],[-77.444184,37.840855,0],[-77.444194,37.840886,0],[-77.444193,37.840923,0],[-77.444082,37.841059,0],[-77.443927,37.841214,0],[-77.443821,37.841363,0],[-77.443978,37.841225,0],[-77.443778,37.841418,0],[-77.44363,37.841522,0],[-77.443532,37.841551,0],[-77.443447,37.84154,0],[-77.443385,37.841518,0],[-77.443299,37.841433,0],[-77.443231,37.841309,0],[-77.443165,37.841161,0],[-77.443147,37.841063,0],[-77.443211,37.840984,0],[-77.443323,37.840968,0],[-77.44345,37.841036,0],[-77.44345,37.841149,0],[-77.44342,37.841298,0],[-77.443408,37.841412,0],[-77.44339,37.841474,0],[-77.443376,37.841389,0],[-77.443382,37.841329,0],[-77.44346,37.841295,0],[-77.443538,37.841301,0],[-77.443613,37.841353,0],[-77.443642,37.841407,0],[-77.443607,37.841455,0],[-77.443569,37.841496,0],[-77.443593,37.841386,0],[-77.443672,37.841179,0],[-77.443732,37.840972,0],[-77.443706,37.840862,0],[-77.443629,37.840827,0],[-77.442536,37.840953,0],[-77.442459,37.840982,0],[-77.44245,37.841042,0],[-77.442461,37.841105,0],[-77.442424,37.841139,0],[-77.442303,37.841148,0],[-77.442207,37.84113,0],[-77.44214,37.841108,0],[-77.442048,37.841109,0],[-77.441995,37.841178,0],[-77.442041,37.841243,0],[-77.442129,37.84125,0],[-77.442305,37.841227,0],[-77.442346,37.841189,0],[-77.442329,37.84111,0],[-77.442364,37.841056,0],[-77.442496,37.841038,0],[-77.442655,37.841007,0],[-77.442728,37.840972,0],[-77.442717,37.840895,0],[-77.442638,37.840807,0],[-77.44254,37.840777,0],[-77.442442,37.840744,0],[-77.442332,37.840781,0],[-77.442306,37.840874,0],[-77.442354,37.840935,0],[-77.442471,37.840936,0],[-77.442582,37.840869,0],[-77.442661,37.840844,0],[-77.442751,37.840842,0],[-77.442898,37.840867,0],[-77.443023,37.840899,0],[-77.443683,37.840849,0],[-77.443785,37.840849,0],[-77.443819,37.840889,0],[-77.443836,37.840965,0],[-77.443773,37.840998,0],[-77.443718,37.841007,0]]},"properties":{"coaster":"Dominator","park":"Kings Dominion","make":"Bolliger & Mabillard","track":"Steel","model":"Floorless Coaster","color":"FAA21E","rcdb":"https://rcdb.com/4079.htm","long":"-77.44323140","opened":"5/24/2008","length":"4,210","height":157,"speed":65,"inversions":5,"lat":37.84107074,"status":"OPERATING"}},{"type":"Feature","geometry":{"type":"LineString","coordinates":[[-83.531073,35.797797,0],[-83.531272,35.797742,0],[-83.531283,35.797715,0],[-83.531064,35.797408,0],[-83.53098,35.797379,0],[-83.530846,35.797351,0],[-83.530706,35.797347,0],[-83.530651,35.797344,0],[-83.530581,35.797323,0],[-83.530563,35.797268,0],[-83.5306,35.797219,0],[-83.530908,35.7973,0],[-83.530994,35.79735,0],[-83.531046,35.797446,0],[-83.531044,35.797528,0],[-83.531059,35.797611,0],[-83.531109,35.797645,0],[-83.531182,35.797619,0],[-83.531174,35.797548,0],[-83.531107,35.797524,0],[-83.531019,35.797551,0],[-83.530998,35.797612,0],[-83.531061,35.797704,0],[-83.531121,35.797796,0],[-83.531168,35.797877,0],[-83.531203,35.797923,0],[-83.531278,35.797931,0],[-83.531303,35.797878,0],[-83.531262,35.797827,0],[-83.531199,35.79783,0],[-83.531152,35.797865,0],[-83.531166,35.797927,0],[-83.531222,35.797958,0],[-83.531333,35.797995,0],[-83.531372,35.798027,0],[-83.531372,35.798031,0],[-83.531383,35.798077,0],[-83.53133,35.798103,0],[-83.531283,35.798099,0],[-83.531228,35.79805,0],[-83.531174,35.797993,0],[-83.531088,35.797954,0],[-83.531026,35.797897,0],[-83.531014,35.797831,0],[-83.531073,35.797797,0]]},"properties":{"coaster":"Dragonflier","park":"Dollywood","make":"Vekoma","track":"Steel","opened":"5/10/2019","height":63,"inversions":0,"long":"-83.53119120","color":"67D63C","rcdb":"https://rcdb.com/16124.htm","model":"Suspended Family Coaster","length":"1,486","speed":47,"lat":35.79772351,"status":"OPERATING"}},{"type":"Feature","geometry":{"type":"LineString","coordinates":[[-81.58708,28.358577,0],[-81.58686,28.35844,0],[-81.586635,28.358434,0],[-81.586422,28.358344,0],[-81.586142,28.358287,0],[-81.586086,28.358344,0],[-81.58624,28.35855,0],[-81.58622,28.358648,0],[-81.586117,28.358684,0],[-81.586036,28.358588,0],[-81.58616,28.358467,0],[-81.586239,28.358487,0],[-81.586348,28.358577,0],[-81.586314,28.358664,0],[-81.586225,28.358729,0],[-81.586098,28.35874,0],[-81.586011,28.358673,0],[-81.585973,28.35858,0],[-81.586018,28.35847,0],[-81.586133,28.358401,0],[-81.586265,28.358375,0],[-81.586414,28.358211,0],[-81.586565,28.358081,0],[-81.586722,28.358028,0],[-81.586846,28.358076,0],[-81.586884,28.358192,0],[-81.586815,28.358279,0],[-81.586021,28.358295,0],[-81.586218,28.358278,0],[-81.586315,28.358253,0],[-81.586343,28.358179,0],[-81.586293,28.358098,0],[-81.586209,28.358089,0],[-81.586144,28.358136,0],[-81.58615,28.358197,0],[-81.586253,28.358265,0],[-81.586335,28.358231,0],[-81.586365,28.358145,0],[-81.586304,28.358067,0],[-81.58617,28.358057,0],[-81.585879,28.358311,0],[-81.586085,28.358128,0],[-81.586189,28.358108,0],[-81.586559,28.358795,0],[-81.58659,28.359021,0],[-81.58655,28.359099,0],[-81.586452,28.359109,0],[-81.586384,28.359033,0],[-81.586445,28.358577,0],[-81.58655,28.358512,0],[-81.586626,28.358492,0],[-81.586726,28.358535,0],[-81.586887,28.358913,0],[-81.587004,28.358964,0],[-81.587115,28.358863,0],[-81.58708,28.358577,0]]},"properties":{"coaster":"Expedition Everest","park":"Walt Disney World - Disney's Animal Kingdom","make":"Vekoma","track":"Steel","rcdb":"https://rcdb.com/2389.htm","opened":"4/7/2006","lat":28.35877683,"color":"4F3404","model":"Custom Designed Coaster","length":"3,885","height":112,"speed":50,"inversions":0,"long":-81.58713598,"status":"OPERATING"}},{"type":"Feature","geometry":{"type":"LineString","coordinates":[[-76.655233,40.291294,0],[-76.655221,40.291106,0],[-76.655295,40.290982,0],[-76.655239,40.291144,0],[-76.655161,40.291254,0],[-76.655159,40.291149,0],[-76.655473,40.290227,0],[-76.655481,40.290189,0],[-76.65544,40.290144,0],[-76.655386,40.29012,0],[-76.655326,40.290133,0],[-76.655094,40.290269,0],[-76.655075,40.290305,0],[-76.655076,40.290354,0],[-76.655126,40.290392,0],[-76.655165,40.290401,0],[-76.655305,40.290406,0],[-76.655345,40.29042,0],[-76.655453,40.290611,0],[-76.65551,40.290719,0],[-76.655548,40.290773,0],[-76.655582,40.290825,0],[-76.655586,40.290879,0],[-76.65554,40.290926,0],[-76.655468,40.290945,0],[-76.655418,40.290944,0],[-76.655344,40.290906,0],[-76.655322,40.290853,0],[-76.655385,40.290696,0],[-76.65546,40.290539,0],[-76.655431,40.290478,0],[-76.655359,40.290433,0],[-76.655274,40.290448,0],[-76.655211,40.290504,0],[-76.655219,40.290561,0],[-76.655262,40.290608,0],[-76.655294,40.290663,0],[-76.655299,40.290716,0],[-76.655239,40.29075,0],[-76.655155,40.290787,0],[-76.655163,40.290849,0],[-76.655223,40.290898,0],[-76.65527,40.290945,0],[-76.655328,40.291013,0],[-76.65534,40.291072,0],[-76.655306,40.29112,0],[-76.655209,40.291147,0],[-76.655141,40.291187,0],[-76.655178,40.291287,0],[-76.655272,40.291458,0],[-76.655326,40.291562,0],[-76.655322,40.291614,0],[-76.655263,40.291587,0],[-76.655191,40.291529,0],[-76.655229,40.291457,0],[-76.655345,40.291412,0],[-76.655394,40.291421,0],[-76.65543,40.291464,0],[-76.655459,40.291552,0],[-76.65537,40.291453,0],[-76.655273,40.291349,0],[-76.655233,40.291294,0]]},"properties":{"coaster":"Fahrenheit","park":"Hersheypark","make":"Intamin Amusement Rides","track":"Steel","color":"F55511","rcdb":"https://rcdb.com/4049.htm","opened":"5/24/2008","model":"Vertical Lift Coaster","length":"2,700","height":121,"speed":58,"inversions":6,"lat":40.29014924,"long":-76.65530413,"status":"OPERATING"}},{"type":"Feature","geometry":{"type":"LineString","coordinates":[[-83.52857,35.794079,0],[-83.528883,35.794215,0],[-83.528924,35.794242,0],[-83.528971,35.794318,0],[-83.529022,35.794336,0],[-83.529085,35.794307,0],[-83.529091,35.794262,0],[-83.529019,35.794231,0],[-83.528957,35.794223,0],[-83.528914,35.794189,0],[-83.528928,35.794135,0],[-83.528989,35.794118,0],[-83.529042,35.794149,0],[-83.529028,35.794201,0],[-83.528976,35.794266,0],[-83.528631,35.794641,0],[-83.528591,35.794707,0],[-83.528538,35.794691,0],[-83.528497,35.794638,0],[-83.528532,35.794593,0],[-83.528539,35.794532,0],[-83.528474,35.794508,0],[-83.528407,35.794536,0],[-83.528347,35.794579,0],[-83.528288,35.794607,0],[-83.528237,35.794609,0],[-83.528189,35.794578,0],[-83.528187,35.794542,0],[-83.528232,35.794484,0],[-83.528295,35.794461,0],[-83.528782,35.794379,0],[-83.528873,35.794371,0],[-83.528965,35.794416,0],[-83.528988,35.794472,0],[-83.528963,35.794541,0],[-83.528886,35.794608,0],[-83.528804,35.794635,0],[-83.528715,35.794671,0],[-83.528713,35.794674,0],[-83.528688,35.794721,0],[-83.528735,35.794769,0],[-83.528819,35.794787,0],[-83.528898,35.794752,0],[-83.528923,35.794691,0],[-83.528909,35.794618,0],[-83.528875,35.794559,0],[-83.528833,35.794473,0],[-83.528785,35.794408,0],[-83.528674,35.794368,0],[-83.52858,35.79438,0],[-83.528465,35.79439,0],[-83.528306,35.79443,0],[-83.528228,35.794422,0],[-83.528181,35.794385,0],[-83.528179,35.79433,0],[-83.528194,35.794268,0],[-83.52818,35.794223,0],[-83.528169,35.794163,0],[-83.52819,35.794108,0],[-83.528255,35.79405,0],[-83.52829,35.794013,0],[-83.528297,35.793987,0],[-83.528307,35.793859,0],[-83.528291,35.79405,0],[-83.528275,35.794168,0],[-83.528279,35.79425,0],[-83.528244,35.794302,0],[-83.528156,35.794319,0],[-83.528099,35.794293,0],[-83.528106,35.794232,0],[-83.528159,35.794186,0],[-83.528239,35.794152,0],[-83.528325,35.794118,0],[-83.528376,35.794095,0],[-83.528413,35.794021,0],[-83.528455,35.793966,0],[-83.528578,35.793968,0],[-83.528813,35.794058,0],[-83.528866,35.794084,0],[-83.528864,35.794123,0],[-83.528836,35.794153,0],[-83.528791,35.794161,0],[-83.528733,35.794148,0],[-83.52857,35.794079,0]]},"properties":{"coaster":"FireChaser Express","park":"Dollywood","make":"Gerstlauer Amusement Rides","track":"Steel","status":"OPERATING","color":446341,"rcdb":"https://rcdb.com/6691.htm","opened":"3/22/2014","model":"Family Coaster","length":"2,427","height":78,"speed":35,"inversions":0,"lat":35.79410456,"long":-83.52869989}},{"type":"Feature","geometry":{"type":"LineString","coordinates":[[-77.439022,37.839033,0],[-77.438611,37.839185,0],[-77.438537,37.839195,0],[-77.438617,37.83913,0],[-77.438655,37.839112,0],[-77.438704,37.839119,0],[-77.438757,37.83915,0],[-77.438786,37.8392,0],[-77.43878,37.839258,0],[-77.438758,37.839282,0],[-77.438618,37.839309,0],[-77.438623,37.839292,0],[-77.438938,37.839124,0],[-77.438988,37.839113,0],[-77.438987,37.83913,0],[-77.438912,37.8392,0],[-77.43883,37.839206,0],[-77.438786,37.839176,0],[-77.438748,37.839117,0],[-77.438752,37.839075,0],[-77.4388,37.83903,0],[-77.438877,37.839027,0],[-77.438927,37.839068,0],[-77.438927,37.839109,0],[-77.438884,37.839153,0],[-77.438827,37.839158,0],[-77.438672,37.83915,0],[-77.438611,37.839168,0],[-77.438585,37.839228,0],[-77.438633,37.839291,0],[-77.438716,37.839334,0],[-77.438792,37.839346,0],[-77.438847,37.839331,0],[-77.438876,37.839303,0],[-77.438892,37.83926,0],[-77.43888,37.839218,0],[-77.438838,37.839178,0],[-77.438787,37.839169,0],[-77.438731,37.83916,0],[-77.43868,37.839127,0],[-77.438667,37.839082,0],[-77.438688,37.839044,0],[-77.438714,37.839022,0],[-77.438765,37.839012,0],[-77.438847,37.839025,0],[-77.4389,37.839068,0],[-77.438918,37.839128,0],[-77.438902,37.839183,0],[-77.438847,37.839233,0],[-77.438758,37.839274,0],[-77.438672,37.839275,0],[-77.438615,37.839243,0],[-77.438576,37.839158,0],[-77.438589,37.839102,0],[-77.438634,37.839074,0],[-77.438735,37.83909,0],[-77.43882,37.839181,0],[-77.43888,37.83926,0],[-77.438856,37.839313,0],[-77.438796,37.83934,0],[-77.438718,37.839315,0],[-77.438693,37.839259,0],[-77.438706,37.839216,0],[-77.438769,37.83918,0],[-77.438828,37.839148,0],[-77.438856,37.839099,0],[-77.438824,37.839048,0],[-77.43877,37.839028,0],[-77.438713,37.839031,0],[-77.438652,37.83906,0],[-77.438618,37.839109,0],[-77.438609,37.839189,0],[-77.43864,37.839269,0],[-77.438699,37.839319,0],[-77.438759,37.839328,0],[-77.438842,37.839311,0],[-77.438903,37.839282,0],[-77.43893,37.839241,0],[-77.438919,37.839194,0],[-77.438923,37.839155,0],[-77.438968,37.839124,0],[-77.439057,37.839096,0],[-77.439669,37.838855,0],[-77.439945,37.838818,0],[-77.439977,37.838783,0],[-77.439975,37.838735,0],[-77.439948,37.838699,0],[-77.439924,37.838704,0],[-77.439022,37.839033,0]]},"properties":{"coaster":"Flight of Fear","park":"Kings Dominion","make":"Premier Rides","track":"Steel","lat":37.83877548,"color":"0A0A0A","rcdb":"https://rcdb.com/138.htm","opened":"6/18/1996","model":"Catapult Launch Coaster","length":"2,705","height":74,"speed":54,"inversions":4,"long":"-77.43981260","status":"OPERATING"}},{"type":"Feature","geometry":{"type":"LineString","coordinates":[[-81.473942,28.472264,0],[-81.474063,28.472392,0],[-81.474084,28.472435,0],[-81.47404,28.472478,0],[-81.473574,28.472492,0],[-81.473515,28.472525,0],[-81.473514,28.472572,0],[-81.473571,28.472604,0],[-81.473631,28.472589,0],[-81.473654,28.472535,0],[-81.473596,28.472478,0],[-81.473547,28.472486,0],[-81.473503,28.472529,0],[-81.473478,28.472571,0],[-81.47352,28.47262,0],[-81.473593,28.472634,0],[-81.473649,28.472619,0],[-81.473711,28.472577,0],[-81.473771,28.472497,0],[-81.473834,28.472386,0],[-81.473886,28.472326,0],[-81.473943,28.472341,0],[-81.473959,28.47241,0],[-81.473901,28.472455,0],[-81.473799,28.472465,0],[-81.473691,28.472451,0],[-81.473653,28.472397,0],[-81.473703,28.472354,0],[-81.473771,28.472378,0],[-81.473763,28.472449,0],[-81.473711,28.472562,0],[-81.473717,28.472604,0],[-81.473776,28.472617,0],[-81.473833,28.472598,0],[-81.473845,28.472527,0],[-81.473841,28.472297,0],[-81.473867,28.472246,0],[-81.473917,28.47224,0],[-81.473942,28.472264,0]]},"properties":{"coaster":"Flight of the Hippogriff","park":"Universal Studios Islands of Adventure","make":"Vekoma","track":"Steel","color":"8A4F12","rcdb":"https://rcdb.com/703.htm","opened":"6/29/2000","model":"Junior Coaster","length":"1,099","height":42,"speed":29,"inversions":0,"lat":28.47242905,"long":-81.47401392,"status":"OPERATING"}},{"type":"Feature","geometry":{"type":"LineString","coordinates":[[-80.942344,35.10244,0],[-80.942933,35.102798,0],[-80.94303,35.102854,0],[-80.94295,35.102788,0],[-80.94297,35.102706,0],[-80.943043,35.102644,0],[-80.943158,35.102675,0],[-80.942851,35.102566,0],[-80.942929,35.102616,0],[-80.942375,35.102399,0]]},"properties":{"coaster":"Flying Cobras","park":"Carowinds","make":"Vekoma","track":"Steel","color":"171BE3","rcdb":"https://rcdb.com/4269.htm","opened":"3/28/2009","model":"Boomerang","length":935,"height":117,"speed":47,"inversions":3,"lat":35.10273964,"long":-80.94284776,"status":"OPERATING"}},{"type":"Feature","geometry":{"type":"LineString","coordinates":[[-80.942752,35.105428,0],[-80.939711,35.106341,0],[-80.939517,35.106477,0],[-80.939453,35.10669,0],[-80.939354,35.106819,0],[-80.939192,35.106813,0],[-80.939079,35.106721,0],[-80.93899,35.106492,0],[-80.938897,35.106244,0],[-80.938743,35.10593,0],[-80.938592,35.105754,0],[-80.938368,35.105638,0],[-80.938089,35.105554,0],[-80.938086,35.105553,0],[-80.937866,35.105466,0],[-80.937753,35.105336,0],[-80.937716,35.105157,0],[-80.937784,35.104964,0],[-80.937943,35.104721,0],[-80.938109,35.104514,0],[-80.938131,35.104342,0],[-80.93803,35.104125,0],[-80.937883,35.103924,0],[-80.937791,35.103795,0],[-80.937791,35.103687,0],[-80.937896,35.103586,0],[-80.938033,35.103557,0],[-80.938149,35.1036,0],[-80.938243,35.103733,0],[-80.93819,35.103872,0],[-80.938107,35.103988,0],[-80.9381,35.103994,0],[-80.937946,35.104105,0],[-80.937942,35.104109,0],[-80.937901,35.104223,0],[-80.937896,35.104229,0],[-80.937856,35.10458,0],[-80.937897,35.104944,0],[-80.937981,35.10518,0],[-80.938218,35.105389,0],[-80.938464,35.10558,0],[-80.938969,35.105889,0],[-80.939301,35.106128,0],[-80.939303,35.106133,0],[-80.939396,35.106252,0],[-80.939551,35.106369,0],[-80.939642,35.106522,0],[-80.939592,35.106731,0],[-80.939459,35.106807,0],[-80.939231,35.106847,0],[-80.939104,35.106764,0],[-80.939025,35.106643,0],[-80.939009,35.106443,0],[-80.939036,35.106285,0],[-80.939164,35.106193,0],[-80.939307,35.106162,0],[-80.939562,35.106208,0],[-80.940038,35.106346,0],[-80.940245,35.106419,0],[-80.940446,35.106424,0],[-80.940621,35.106342,0],[-80.94081,35.106193,0],[-80.940921,35.106048,0],[-80.940962,35.105902,0],[-80.941046,35.105832,0],[-80.941287,35.105748,0],[-80.941619,35.105688,0],[-80.941773,35.105627,0],[-80.94247,35.105361,0],[-80.942716,35.105265,0],[-80.942807,35.105279,0],[-80.942842,35.105347,0],[-80.942809,35.105406,0],[-80.942752,35.105428,0]]},"properties":{"coaster":"Fury 325","park":"Carowinds","make":"Bolliger & Mabillard","track":"Steel","opened":"3/28/2015","length":"6,602","height":325,"inversions":0,"long":-80.94238431,"color":"2FA6DE","rcdb":"https://rcdb.com/12273.htm","model":"Giga Coaster","speed":95,"lat":35.10553471,"status":"OPERATING"}},{"type":"Feature","geometry":{"type":"LineString","coordinates":[[-76.652765,40.287016,0],[-76.653697,40.286381,0],[-76.653776,40.28632,0],[-76.653828,40.286263,0],[-76.653842,40.286208,0],[-76.653818,40.286151,0],[-76.653751,40.286126,0],[-76.653668,40.286156,0],[-76.653651,40.286222,0],[-76.653716,40.286294,0],[-76.653849,40.286298,0],[-76.653956,40.28626,0],[-76.6541,40.286233,0],[-76.654237,40.286253,0],[-76.654413,40.286369,0],[-76.654514,40.286484,0],[-76.654566,40.286618,0],[-76.654583,40.28672,0],[-76.654561,40.286844,0],[-76.654535,40.286744,0],[-76.654559,40.286974,0],[-76.654569,40.287099,0],[-76.654594,40.28732,0],[-76.654579,40.287406,0],[-76.654552,40.28739,0],[-76.654543,40.287298,0],[-76.654547,40.287154,0],[-76.65459,40.287053,0],[-76.654655,40.286888,0],[-76.654711,40.28671,0],[-76.654822,40.286546,0],[-76.654991,40.286372,0],[-76.655181,40.286281,0],[-76.655319,40.286192,0],[-76.655408,40.286093,0],[-76.655386,40.286005,0],[-76.655232,40.285952,0],[-76.655029,40.285939,0],[-76.65471,40.285953,0],[-76.654588,40.285977,0],[-76.654452,40.286069,0],[-76.65437,40.28613,0],[-76.654185,40.286126,0],[-76.654086,40.286152,0],[-76.654011,40.286247,0],[-76.654001,40.286361,0],[-76.654018,40.286474,0],[-76.653989,40.28656,0],[-76.653919,40.286614,0],[-76.653792,40.286637,0],[-76.653569,40.286665,0],[-76.653415,40.286729,0],[-76.652895,40.287121,0],[-76.652832,40.287141,0],[-76.652744,40.287114,0],[-76.652735,40.287045,0],[-76.652765,40.287016,0]]},"properties":{"coaster":"Great Bear","park":"Hersheypark","make":"Bolliger & Mabillard","track":"Steel","color":353842,"rcdb":"https://rcdb.com/468.htm","opened":"5/23/1998","model":"Inverted Coaster","length":"2,800","height":128,"speed":58,"inversions":4,"lat":40.28681936,"long":-76.65308505,"status":"OPERATING"}},{"type":"Feature","geometry":{"type":"LineString","coordinates":[[-76.647791,37.23427,0],[-76.647843,37.234809,0],[-76.647833,37.234855,0],[-76.6478,37.234898,0],[-76.647747,37.23492,0],[-76.647673,37.23492,0],[-76.647593,37.234897,0],[-76.647573,37.234843,0],[-76.647492,37.234226,0],[-76.647498,37.234133,0],[-76.647576,37.234072,0],[-76.647735,37.234113,0],[-76.64785,37.234161,0],[-76.648331,37.234377,0],[-76.648486,37.234488,0],[-76.648321,37.234454,0],[-76.648205,37.234366,0],[-76.648032,37.234171,0],[-76.647925,37.234082,0],[-76.647787,37.233977,0],[-76.647692,37.23393,0],[-76.647526,37.233977,0],[-76.647392,37.23408,0],[-76.646733,37.234438,0],[-76.646663,37.23449,0],[-76.646824,37.23443,0],[-76.646994,37.234319,0],[-76.647213,37.234281,0],[-76.647339,37.234247,0],[-76.647469,37.234174,0],[-76.648037,37.233861,0],[-76.648119,37.233835,0],[-76.648202,37.233754,0],[-76.648192,37.23366,0],[-76.648104,37.233597,0],[-76.64798,37.233596,0],[-76.647894,37.233638,0],[-76.647892,37.233643,0],[-76.647811,37.233736,0],[-76.647784,37.233848,0],[-76.647773,37.234019,0],[-76.647791,37.23427,0]]},"properties":{"coaster":"Griffon","park":"Busch Gardens Williamsburg","make":"Bolliger & Mabillard","track":"Steel","color":"147FDB","opened":"5/18/2007","rcdb":"https://rcdb.com/3631.htm","model":"Dive Coaster","length":"3,108","height":205,"speed":71,"inversions":2,"lat":37.23474912,"long":-76.64783711,"status":"OPERATING"}},{"type":"Feature","geometry":{"type":"LineString","coordinates":[[-77.447243,37.837441,0],[-77.447095,37.837529,0],[-77.447023,37.837579,0],[-77.447005,37.837633,0],[-77.447082,37.837667,0],[-77.447154,37.837645,0],[-77.447231,37.837573,0],[-77.447345,37.837415,0],[-77.448223,37.836914,0],[-77.448323,37.836823,0],[-77.44843,37.836653,0],[-77.448598,37.836366,0],[-77.448698,37.836204,0],[-77.448684,37.836092,0],[-77.448599,37.836037,0],[-77.448492,37.836024,0],[-77.448412,37.83605,0],[-77.448347,37.836134,0],[-77.448096,37.836739,0],[-77.44802,37.83686,0],[-77.44791,37.836992,0],[-77.447795,37.837074,0],[-77.44747,37.837287,0],[-77.447375,37.837312,0],[-77.44727,37.837285,0],[-77.447193,37.837191,0],[-77.447219,37.837119,0],[-77.447304,37.837042,0],[-77.44795,37.836976,0],[-77.448124,37.836892,0],[-77.448308,37.836723,0],[-77.448426,37.836555,0],[-77.448427,37.836553,0],[-77.44851,37.836413,0],[-77.448598,37.836251,0],[-77.448631,37.836143,0],[-77.448589,37.836083,0],[-77.448512,37.836056,0],[-77.448393,37.836119,0],[-77.448302,37.836279,0],[-77.448192,37.836523,0],[-77.44815,37.836677,0],[-77.448062,37.836853,0],[-77.448034,37.836904,0],[-77.447936,37.837014,0],[-77.447705,37.837163,0],[-77.447243,37.837441,0]]},"properties":{"coaster":"Grizzly","park":"Kings Dominion","make":"Built in-house","track":"Wood","opened":"3/27/1982","inversions":0,"color":"5E3F2D","rcdb":"https://rcdb.com/90.htm","model":"Wooden Coaster","length":"3,150","height":97,"speed":51,"lat":37.83745141,"long":-77.44722367,"status":"OPERATING"}},{"type":"Feature","geometry":{"type":"LineString","coordinates":[[-76.644395,37.236116,0],[-76.64422,37.236064,0],[-76.644173,37.236067,0],[-76.644149,37.236088,0],[-76.644151,37.236117,0],[-76.644185,37.236149,0],[-76.644491,37.236306,0],[-76.644556,37.23632,0],[-76.644597,37.236309,0],[-76.644628,37.236243,0],[-76.644613,37.236196,0],[-76.644546,37.236183,0],[-76.6445,37.236209,0],[-76.644477,37.236264,0],[-76.644536,37.236292,0],[-76.644605,37.236284,0],[-76.644612,37.23622,0],[-76.644573,37.236178,0],[-76.644515,37.236146,0],[-76.644475,37.236105,0],[-76.644494,37.236041,0],[-76.644558,37.236021,0],[-76.64462,37.236048,0],[-76.644609,37.236107,0],[-76.644569,37.236133,0],[-76.644492,37.236145,0],[-76.644395,37.236116,0]]},"properties":{"coaster":"Grover's Alpine Express","park":"Busch Gardens Williamsburg","make":"Zierer","track":"Steel","rcdb":"https://rcdb.com/4282.htm","model":"Force","speed":22,"lat":37.23608646,"color":"D60BB1","opened":"4/3/2009","length":600,"height":24,"inversions":0,"long":-76.64430661,"status":"OPERATING"}},{"type":"Feature","geometry":{"type":"LineString","coordinates":[[-81.474066,28.473429,0],[-81.474334,28.473326,0],[-81.474402,28.473315,0],[-81.474437,28.473346,0],[-81.474414,28.473404,0],[-81.474161,28.473464,0],[-81.47406,28.473525,0],[-81.473969,28.473589,0],[-81.473891,28.473566,0],[-81.473857,28.473437,0],[-81.47375,28.473156,0],[-81.473711,28.473045,0],[-81.473523,28.472987,0],[-81.473293,28.473002,0],[-81.473152,28.473107,0],[-81.473,28.473154,0],[-81.472723,28.473276,0],[-81.472647,28.4736,0],[-81.472609,28.473638,0],[-81.472595,28.473712,0],[-81.472647,28.473754,0],[-81.47273,28.473759,0],[-81.472771,28.473694,0],[-81.47276,28.473618,0],[-81.47274,28.473585,0],[-81.472744,28.473556,0],[-81.473603,28.473302,0],[-81.473698,28.473211,0],[-81.473681,28.473092,0],[-81.473581,28.473031,0],[-81.473455,28.473063,0],[-81.473379,28.473143,0],[-81.473307,28.473176,0],[-81.473202,28.473168,0],[-81.473087,28.473206,0],[-81.47302,28.473289,0],[-81.473079,28.473375,0],[-81.473156,28.473386,0],[-81.473237,28.473331,0],[-81.473326,28.47325,0],[-81.473403,28.473233,0],[-81.473464,28.473273,0],[-81.47362,28.473675,0],[-81.473642,28.473782,0],[-81.473604,28.473871,0],[-81.473516,28.473899,0],[-81.47336,28.473823,0],[-81.473133,28.473696,0],[-81.473106,28.473587,0],[-81.473142,28.473492,0],[-81.473191,28.473472,0],[-81.473268,28.473504,0],[-81.473571,28.473874,0],[-81.473615,28.473919,0],[-81.473746,28.473918,0],[-81.474237,28.473785,0],[-81.47337,28.47402,0],[-81.473205,28.474022,0],[-81.473119,28.473991,0],[-81.473139,28.473919,0],[-81.473235,28.47386,0],[-81.4733,28.473883,0],[-81.473343,28.473974,0],[-81.473354,28.474099,0],[-81.47329,28.474159,0],[-81.472934,28.474177,0],[-81.47344,28.47415,0],[-81.474156,28.474084,0],[-81.474299,28.474008,0],[-81.47438,28.473855,0],[-81.474378,28.473754,0],[-81.474296,28.473686,0],[-81.474089,28.473691,0],[-81.474041,28.473754,0],[-81.473905,28.473799,0],[-81.473759,28.473746,0],[-81.473553,28.473154,0],[-81.473646,28.472962,0],[-81.473737,28.472962,0],[-81.4738,28.47303,0],[-81.473932,28.473411,0],[-81.473986,28.473448,0],[-81.474066,28.473429,0]]},"properties":{"coaster":"Hagrid's Magical Creatures Motorbike Adventure","park":"Universal Studios Islands of Adventure","make":"Intamin Amusement Rides","track":"Steel","length":"5,053","lat":28.47327771,"color":"663C0E","rcdb":"https://rcdb.com/15330.htm","opened":"6/13/2019","model":"Family LSM Coaster","height":65,"speed":50,"inversions":0,"long":"-81.47433760","status":"OPERATING"}},{"type":"Feature","geometry":{"type":"LineString","coordinates":[[-81.470521,28.480377,0],[-81.47039,28.480093,0],[-81.470322,28.480026,0],[-81.470262,28.479996,0],[-81.470207,28.480021,0],[-81.470181,28.480288,0],[-81.470029,28.480442,0],[-81.470042,28.480583,0],[-81.470017,28.48064,0],[-81.469956,28.480654,0],[-81.4697,28.480574,0],[-81.46968,28.480508,0],[-81.469714,28.480462,0],[-81.469837,28.480391,0],[-81.469851,28.480335,0],[-81.469806,28.480252,0],[-81.46975,28.480246,0],[-81.469684,28.480271,0],[-81.469623,28.480243,0],[-81.469583,28.480164,0],[-81.469618,28.480107,0],[-81.469682,28.480092,0],[-81.469769,28.48015,0],[-81.469796,28.480144,0],[-81.469851,28.480026,0],[-81.469898,28.479997,0],[-81.469972,28.480035,0],[-81.47002,28.480151,0],[-81.469892,28.480493,0],[-81.469956,28.480598,0],[-81.470049,28.480617,0],[-81.470143,28.480569,0],[-81.47019,28.480468,0],[-81.470258,28.480465,0],[-81.470373,28.480504,0],[-81.470475,28.480484,0],[-81.47052,28.480431,0],[-81.470521,28.480377,0]]},"properties":{"coaster":"Harry Potter and the Escape from Gringotts","park":"Universal Studios Florida","make":"Intamin Amusement Rides","track":"Steel","opened":"7/8/2014","long":-81.47008799,"status":"OPERATING","color":"0A0A0A","rcdb":"https://rcdb.com/11887.htm","model":"Multi Dimension Coaster","length":"2,000","height":30,"speed":25,"inversions":0,"lat":28.47996398}},{"type":"Feature","geometry":{"type":"LineString","coordinates":[[-81.468066,28.474842,0],[-81.469308,28.47529,0],[-81.469066,28.475144,0],[-81.469326,28.475207,0],[-81.469583,28.475328,0],[-81.46977,28.475469,0],[-81.469913,28.475755,0],[-81.469889,28.47587,0],[-81.469849,28.476002,0],[-81.469825,28.476124,0],[-81.469869,28.476211,0],[-81.469943,28.476247,0],[-81.470067,28.476244,0],[-81.470144,28.476139,0],[-81.470133,28.476047,0],[-81.470087,28.475961,0],[-81.470003,28.475949,0],[-81.469919,28.47598,0],[-81.469896,28.476059,0],[-81.46995,28.476132,0],[-81.47003,28.476128,0],[-81.470076,28.476073,0],[-81.470042,28.475999,0],[-81.469967,28.475884,0],[-81.469797,28.475537,0],[-81.46971,28.475437,0],[-81.469618,28.47539,0],[-81.46945,28.475353,0],[-81.469315,28.475337,0],[-81.469198,28.475302,0],[-81.469139,28.475259,0],[-81.469073,28.475176,0],[-81.469,28.475117,0],[-81.468871,28.475092,0],[-81.468787,28.475091,0],[-81.468603,28.475131,0],[-81.468463,28.475158,0],[-81.468342,28.47515,0],[-81.468198,28.475105,0],[-81.468083,28.475037,0],[-81.467955,28.474918,0],[-81.467799,28.474717,0],[-81.467748,28.474679,0],[-81.467705,28.474629,0],[-81.467639,28.474533,0],[-81.467555,28.474477,0],[-81.467462,28.474429,0],[-81.467411,28.474385,0],[-81.467339,28.474303,0],[-81.46726,28.474262,0],[-81.467186,28.47426,0],[-81.467145,28.474292,0],[-81.467127,28.474355,0],[-81.467158,28.474404,0],[-81.467209,28.474425,0],[-81.467271,28.474402,0],[-81.46729,28.474334,0],[-81.467238,28.474299,0],[-81.467175,28.474301,0],[-81.467144,28.474332,0],[-81.467124,28.474415,0],[-81.467175,28.474465,0],[-81.467238,28.474496,0],[-81.467492,28.47456,0],[-81.467516,28.474552,0],[-81.467582,28.474568,0],[-81.467677,28.474663,0],[-81.467752,28.474732,0],[-81.46784,28.474765,0],[-81.468066,28.474842,0]]},"properties":{"coaster":"Hollywood Rip, Ride, Rockit","park":"Universal Studios Florida","make":"Maurer Rides","track":"Steel","color":"BA3A3A","rcdb":"https://rcdb.com/3866.htm","opened":"8/19/2009","model":"X-Car","length":"3,800","height":167,"speed":65,"inversions":0,"lat":28.47498967,"long":-81.46851347,"status":"DEFUNCT"}},{"type":"Feature","geometry":{"type":"LineString","coordinates":[[-80.94362,35.105287,0],[-80.943626,35.105287,0],[-80.943822,35.105219,0],[-80.943924,35.105209,0],[-80.944001,35.105258,0],[-80.944017,35.10531,0],[-80.943955,35.105376,0],[-80.943273,35.105563,0],[-80.943135,35.105597,0],[-80.943066,35.10556,0],[-80.943038,35.105487,0],[-80.9431,35.105417,0],[-80.943606,35.10516,0],[-80.94382,35.105094,0],[-80.943963,35.105115,0],[-80.944061,35.105214,0],[-80.944073,35.105303,0],[-80.944005,35.105398,0],[-80.943877,35.105492,0],[-80.942216,35.106246,0],[-80.942061,35.106297,0],[-80.94189,35.106296,0],[-80.941783,35.106212,0],[-80.941748,35.106061,0],[-80.94185,35.105948,0],[-80.941999,35.105891,0],[-80.943116,35.10549,0],[-80.943302,35.105463,0],[-80.943368,35.105566,0],[-80.943353,35.105674,0],[-80.943283,35.105729,0],[-80.942811,35.105941,0],[-80.942532,35.105997,0],[-80.942439,35.105897,0],[-80.942437,35.105773,0],[-80.94259,35.105659,0],[-80.942927,35.105533,0],[-80.94362,35.105287,0]]},"properties":{"coaster":"Hurler","park":"Carowinds","make":"International Coasters","track":"Wood","height":83,"color":"5E3F2D","rcdb":"https://rcdb.com/85.htm","opened":"4/28/1994","model":"Wooden Coaster","length":"3,157","speed":50,"inversions":0,"lat":37.83629132,"long":-77.44556054,"status":"OPERATING"}},{"type":"Feature","geometry":{"type":"LineString","coordinates":[[-77.446197,37.836452,0],[-77.445499,37.836267,0],[-77.445414,37.836245,0],[-77.445404,37.836187,0],[-77.445452,37.836095,0],[-77.445547,37.836089,0],[-77.446358,37.836329,0],[-77.446423,37.836387,0],[-77.446403,37.836469,0],[-77.446321,37.836516,0],[-77.445948,37.83647,0],[-77.445727,37.83645,0],[-77.445528,37.836405,0],[-77.445391,37.836353,0],[-77.445315,37.836258,0],[-77.445331,37.836142,0],[-77.445433,37.836054,0],[-77.445618,37.836039,0],[-77.44593,37.836074,0],[-77.446103,37.836106,0],[-77.446586,37.836178,0],[-77.447079,37.836273,0],[-77.447703,37.836387,0],[-77.447858,37.836465,0],[-77.44791,37.836553,0],[-77.44789,37.836678,0],[-77.447715,37.836759,0],[-77.447531,37.836762,0],[-77.44738,37.836717,0],[-77.446979,37.83662,0],[-77.446502,37.836501,0],[-77.446228,37.836435,0],[-77.446141,37.836366,0],[-77.446145,37.836286,0],[-77.446186,37.836205,0],[-77.446289,37.836168,0],[-77.446875,37.836263,0],[-77.446989,37.836288,0],[-77.447086,37.83635,0],[-77.447155,37.836432,0],[-77.447122,37.836549,0],[-77.447006,37.836623,0],[-77.446803,37.836607,0],[-77.446562,37.836537,0],[-77.446197,37.836452,0]]},"properties":{"coaster":"Hurler","park":"Kings Dominion","make":"International Coasters","track":"Wood","color":"5E3F2D","opened":"4/28/1994","rcdb":"https://rcdb.com/93.htm","model":"Wooden Coaster","length":"3,157","height":83,"speed":50,"inversions":0,"lat":35.10525472,"long":-80.94380043,"status":"DEFUNCT"}},{"type":"Feature","geometry":{"type":"LineString","coordinates":[[-84.428521,33.495482,0],[-84.428549,33.495421,0],[-84.428562,33.495408,0],[-84.428944,33.495529,0],[-84.428901,33.495649,0],[-84.428553,33.49555,0],[-84.428508,33.495534,0],[-84.428507,33.495497,0],[-84.428532,33.495474,0],[-84.428599,33.495487,0],[-84.428905,33.495574,0],[-84.428917,33.495589,0],[-84.428897,33.495622,0],[-84.428574,33.495529,0],[-84.428528,33.495514,0],[-84.428521,33.495498,0],[-84.428526,33.49546,0],[-84.428557,33.495444,0],[-84.428878,33.495531,0],[-84.428907,33.49555,0],[-84.428907,33.495552,0],[-84.428894,33.495579,0],[-84.428877,33.495588,0],[-84.428551,33.495488,0],[-84.428521,33.495482,0]]},"properties":{"coaster":"Hurricane Coaster","park":"Fun Spot America Atlanta","make":"E&F Miler Industries","track":"Steel","length":900,"lat":33.49543472,"status":"CLOSING","color":"3A6BBA","rcdb":"https://rcdb.com/3684.htm","opened":"5/1/2007","model":"Hi-Miler","height":38,"speed":35,"inversions":0,"long":-84.42852417}},{"type":"Feature","geometry":{"type":"LineString","coordinates":[[-81.468881,28.471504,0],[-81.469355,28.471358,0],[-81.469472,28.47131,0],[-81.469589,28.47125,0],[-81.469713,28.471229,0],[-81.46981,28.471265,0],[-81.470201,28.471418,0],[-81.470132,28.47142,0],[-81.470028,28.471409,0],[-81.469978,28.471521,0],[-81.470065,28.471605,0],[-81.470151,28.4716,0],[-81.470095,28.471523,0],[-81.469932,28.471476,0],[-81.469791,28.471456,0],[-81.469629,28.471409,0],[-81.469802,28.471432,0],[-81.469664,28.471369,0],[-81.46931,28.471291,0],[-81.469132,28.471298,0],[-81.46899,28.471361,0],[-81.468922,28.471468,0],[-81.468978,28.471568,0],[-81.469091,28.471581,0],[-81.46922,28.471505,0],[-81.469245,28.4714,0],[-81.469209,28.471313,0],[-81.469132,28.471271,0],[-81.468978,28.471246,0],[-81.468871,28.471244,0],[-81.46883,28.471297,0],[-81.468825,28.471379,0],[-81.468778,28.471403,0],[-81.46861,28.47137,0],[-81.468405,28.471322,0],[-81.46829,28.471309,0],[-81.468404,28.471301,0],[-81.468303,28.47126,0],[-81.468183,28.471236,0],[-81.468082,28.471249,0],[-81.468028,28.471279,0],[-81.468,28.471349,0],[-81.468018,28.471424,0],[-81.468102,28.471435,0],[-81.468172,28.471385,0],[-81.468218,28.471303,0],[-81.468287,28.471235,0],[-81.468348,28.471221,0],[-81.468443,28.47124,0],[-81.468525,28.471291,0],[-81.468554,28.47136,0],[-81.468539,28.471441,0],[-81.4685,28.471494,0],[-81.46842,28.471529,0],[-81.468344,28.471516,0],[-81.468306,28.471463,0],[-81.468323,28.471388,0],[-81.468405,28.471227,0],[-81.468455,28.471114,0],[-81.468501,28.471007,0],[-81.468531,28.470925,0],[-81.468524,28.470879,0],[-81.468455,28.470858,0],[-81.4684,28.470834,0],[-81.468387,28.470788,0],[-81.468407,28.470716,0],[-81.468444,28.470659,0],[-81.468506,28.470643,0],[-81.468575,28.470669,0],[-81.468595,28.470713,0],[-81.468582,28.470765,0],[-81.468531,28.470815,0],[-81.468434,28.470898,0],[-81.468373,28.470987,0],[-81.468373,28.471096,0],[-81.468408,28.471144,0],[-81.468486,28.471162,0],[-81.468549,28.471133,0],[-81.468577,28.471084,0],[-81.468561,28.471019,0],[-81.468488,28.470984,0],[-81.468408,28.470991,0],[-81.468336,28.471028,0],[-81.468278,28.471093,0],[-81.468153,28.471227,0],[-81.46811,28.471306,0],[-81.468123,28.471364,0],[-81.468193,28.471405,0],[-81.468253,28.471419,0],[-81.46868,28.47152,0],[-81.468802,28.47152,0],[-81.46885,28.471515,0],[-81.468881,28.471504,0]]},"properties":{"coaster":"Incredible Hulk","park":"Universal Studios Islands of Adventure","make":"Bolliger & Mabillard","track":"Steel","rcdb":"https://rcdb.com/557.htm","long":-81.46879118,"color":"2E9446","model":"Sitting Coaster","opened":"5/28/1999","length":"3,700","height":110,"speed":67,"inversions":7,"lat":28.47152656,"status":"OPERATING"}},{"type":"Feature","geometry":{"type":"LineString","coordinates":[[-76.648968,37.23279,0],[-76.6488,37.233014,0],[-76.64875,37.233043,0],[-76.648682,37.23303,0],[-76.648625,37.232974,0],[-76.648601,37.232929,0],[-76.648624,37.232888,0],[-76.649192,37.232494,0],[-76.64921,37.232447,0],[-76.649183,37.232398,0],[-76.649109,37.23237,0],[-76.648495,37.232108,0],[-76.648422,37.232086,0],[-76.648381,37.232033,0],[-76.648387,37.231964,0],[-76.648457,37.231912,0],[-76.649069,37.231729,0],[-76.64917,37.23171,0],[-76.649172,37.231712,0],[-76.649245,37.231738,0],[-76.649267,37.231781,0],[-76.649331,37.232042,0],[-76.649319,37.232121,0],[-76.649243,37.232152,0],[-76.649171,37.232146,0],[-76.649112,37.232104,0],[-76.64911,37.232054,0],[-76.649139,37.231995,0],[-76.649178,37.231953,0],[-76.649189,37.231869,0],[-76.649146,37.23183,0],[-76.649084,37.23182,0],[-76.648908,37.231853,0],[-76.648853,37.231898,0],[-76.648723,37.232314,0],[-76.648705,37.232362,0],[-76.648705,37.232422,0],[-76.648703,37.232599,0],[-76.648667,37.232644,0],[-76.648627,37.232666,0],[-76.648562,37.232664,0],[-76.648516,37.232626,0],[-76.648498,37.232565,0],[-76.648501,37.232503,0],[-76.648561,37.232466,0],[-76.648619,37.23246,0],[-76.64868,37.232483,0],[-76.648729,37.23249,0],[-76.648781,37.232535,0],[-76.64896,37.232724,0],[-76.648976,37.232751,0],[-76.648968,37.23279,0]]},"properties":{"coaster":"InvadR","park":"Busch Gardens Williamsburg","make":"Great Coasters International","track":"Wood","opened":"4/7/2017","color":"5E3F2D","rcdb":"https://rcdb.com/8027.htm","model":"Wooden Coaster","length":"2,118","height":74,"speed":48,"inversions":0,"lat":"37.23296890","long":-76.64882608,"status":"OPERATING"}},{"type":"Feature","geometry":{"type":"LineString","coordinates":[[-111.893449,40.986702,0],[-111.893444,40.98697,0],[-111.893561,40.987052,0],[-111.893651,40.986998,0],[-111.893646,40.98694,0],[-111.893614,40.986912,0],[-111.893551,40.986918,0],[-111.893526,40.986944,0],[-111.893533,40.986991,0],[-111.893605,40.987024,0],[-111.893649,40.986974,0],[-111.893603,40.986915,0],[-111.89354,40.986927,0],[-111.893522,40.986969,0],[-111.893569,40.98701,0],[-111.893623,40.987009,0],[-111.893646,40.986953,0],[-111.893584,40.986916,0],[-111.893525,40.986953,0],[-111.893548,40.986999,0],[-111.893597,40.987007,0],[-111.893597,40.987007,0],[-111.893644,40.986993,0],[-111.893632,40.986934,0],[-111.893569,40.986921,0],[-111.893526,40.986958,0],[-111.893556,40.987009,0],[-111.893635,40.987021,0],[-111.893678,40.986973,0],[-111.893687,40.986751,0],[-111.893656,40.986703,0],[-111.893608,40.986679,0],[-111.893533,40.986679,0],[-111.893489,40.986711,0],[-111.893483,40.986776,0],[-111.893536,40.986834,0],[-111.893673,40.986941,0],[-111.893667,40.987015,0],[-111.893596,40.987046,0],[-111.893521,40.98703,0],[-111.893489,40.98697,0],[-111.893477,40.986821,0],[-111.893491,40.986754,0],[-111.89354,40.986705,0],[-111.893596,40.986697,0],[-111.893647,40.986727,0],[-111.893651,40.986787,0],[-111.893597,40.986805,0],[-111.893548,40.986795,0],[-111.893528,40.986762,0],[-111.893543,40.986732,0],[-111.893604,40.986729,0],[-111.893639,40.986765,0],[-111.893621,40.986813,0],[-111.893543,40.986873,0],[-111.893497,40.986921,0],[-111.893478,40.986971,0],[-111.893531,40.987032,0],[-111.89363,40.987034,0],[-111.893703,40.986953,0],[-111.893704,40.986875,0],[-111.893704,40.986707,0],[-111.893689,40.986678,0],[-111.893525,40.986664,0],[-111.893467,40.986681,0],[-111.893449,40.986702,0]]},"properties":{"coaster":"Jet Star 2","park":"Lagoon","make":"Schwarzkopf","track":"Steel","rcdb":"https://rcdb.com/198.htm","speed":45,"status":"DEFUNCT","color":"EBCD10","opened":"4/3/1976","model":"Jet Star 2","length":"1,919","height":44,"inversions":0,"lat":40.98691471,"long":-111.89343764}},{"type":"Feature","geometry":{"type":"LineString","coordinates":[[-76.653413,40.289964,0],[-76.654228,40.28991,0],[-76.654075,40.289889,0],[-76.654044,40.289773,0],[-76.654175,40.289705,0],[-76.653845,40.289817,0],[-76.653921,40.289763,0],[-76.653397,40.289929,0]]},"properties":{"coaster":"Jolly Rancher Remix","park":"Hersheypark","make":"Vekoma","track":"Steel","color":"8DE848","length":935,"model":"Boomerang","long":-76.65396837,"rcdb":"https://rcdb.com/109.htm","opened":"5/11/1991","height":117,"speed":47,"inversions":3,"lat":"40.28994680","status":"OPERATING"}},{"type":"Feature","geometry":{"type":"LineString","coordinates":[[-98.700386,29.454465,0],[-98.700882,29.455408,0],[-98.700226,29.455415,0],[-98.700176,29.454444,0],[-98.700185,29.45437,0],[-98.700273,29.454333,0],[-98.700324,29.45437,0],[-98.700386,29.454465,0]]},"properties":{"coaster":"Journey to Atlantis","park":"SeaWorld San Antonio","make":"Mack Rides","track":"Steel","model":"SuperSplash","height":100,"color":"1ED6B4","rcdb":"https://rcdb.com/3635.htm","opened":"5/11/2007","length":780,"speed":42,"inversions":0,"lat":29.45469909,"long":-98.70052175,"status":"OPERATING"}},{"type":"Feature","geometry":{"type":"LineString","coordinates":[[-80.940876,35.101949,0],[-80.940947,35.102103,0],[-80.940937,35.102149,0],[-80.940896,35.102161,0],[-80.940422,35.10209,0],[-80.940384,35.102111,0],[-80.940382,35.102155,0],[-80.940432,35.102191,0],[-80.94048,35.102171,0],[-80.940494,35.102124,0],[-80.94046,35.102076,0],[-80.940391,35.102069,0],[-80.940338,35.1021,0],[-80.940324,35.10216,0],[-80.940371,35.102211,0],[-80.94046,35.102228,0],[-80.940544,35.102191,0],[-80.940621,35.102128,0],[-80.9407,35.102064,0],[-80.940756,35.102019,0],[-80.940799,35.102004,0],[-80.940854,35.102023,0],[-80.940872,35.102065,0],[-80.940845,35.102092,0],[-80.94077,35.102112,0],[-80.940685,35.102106,0],[-80.94061,35.102085,0],[-80.940559,35.102057,0],[-80.940539,35.102026,0],[-80.940564,35.101979,0],[-80.940618,35.101968,0],[-80.940659,35.102015,0],[-80.940643,35.102061,0],[-80.940584,35.102116,0],[-80.94055,35.102165,0],[-80.940556,35.102214,0],[-80.940592,35.102238,0],[-80.940629,35.102247,0],[-80.940675,35.102212,0],[-80.940701,35.102161,0],[-80.940726,35.102073,0],[-80.940751,35.101966,0],[-80.940789,35.101927,0],[-80.940844,35.101916,0],[-80.940876,35.101949,0]]},"properties":{"coaster":"Kiddy Hawk","park":"Carowinds","make":"Vekoma","track":"Steel","color":"59B9D9","rcdb":"https://rcdb.com/1897.htm","opened":"3/22/2003","model":"Suspended Family Coaster","length":"1,122","height":49,"speed":26,"inversions":0,"lat":35.10207061,"long":-80.94094708,"status":"OPERATING"}},{"type":"Feature","geometry":{"type":"LineString","coordinates":[[-76.655315,40.293588,0],[-76.654847,40.293729,0],[-76.65483,40.293713,0],[-76.654778,40.293609,0],[-76.654827,40.293582,0],[-76.654922,40.293563,0],[-76.655076,40.293597,0],[-76.655183,40.293629,0],[-76.65527,40.293586,0],[-76.65529,40.293527,0],[-76.655251,40.293465,0],[-76.655184,40.293459,0],[-76.655141,40.29348,0],[-76.655194,40.293608,0],[-76.655182,40.293643,0],[-76.655125,40.293639,0],[-76.655087,40.293561,0],[-76.655042,40.293504,0],[-76.655005,40.293485,0],[-76.654964,40.293501,0],[-76.655031,40.293659,0],[-76.654996,40.293682,0],[-76.654892,40.293705,0],[-76.65483,40.293698,0],[-76.654805,40.293634,0],[-76.654792,40.293576,0],[-76.654819,40.293539,0],[-76.654893,40.293541,0],[-76.654984,40.293493,0],[-76.655054,40.293491,0],[-76.655157,40.293448,0],[-76.655224,40.293448,0],[-76.655292,40.293556,0],[-76.655244,40.2936,0],[-76.65517,40.293598,0],[-76.655121,40.293576,0],[-76.655116,40.293506,0],[-76.655183,40.293498,0],[-76.655224,40.293528,0],[-76.655203,40.293564,0],[-76.655108,40.293628,0],[-76.655052,40.293651,0],[-76.654943,40.293703,0],[-76.654837,40.293723,0],[-76.654782,40.293578,0],[-76.655234,40.293429,0],[-76.655315,40.293588,0]]},"properties":{"coaster":"Laff Trakk","park":"Hersheypark","make":"Maurer Rides","track":"Steel","color":"0A0A0A","rcdb":"https://rcdb.com/12270.htm","opened":"5/23/2015","model":"Spinning Coaster","length":"1,400","height":51,"speed":40,"inversions":0,"lat":40.29345355,"long":"-76.65523300","status":"OPERATING"}},{"type":"Feature","geometry":{"type":"LineString","coordinates":[[-76.652825,40.292416,0],[-76.652961,40.292099,0],[-76.652982,40.292017,0],[-76.652963,40.291956,0],[-76.652896,40.291905,0],[-76.652807,40.291893,0],[-76.652738,40.291929,0],[-76.652715,40.292015,0],[-76.652798,40.292137,0],[-76.652821,40.292244,0],[-76.652792,40.292337,0],[-76.652635,40.292689,0],[-76.652639,40.292761,0],[-76.652662,40.292828,0],[-76.652857,40.293031,0],[-76.65291,40.293107,0],[-76.652895,40.293175,0],[-76.652851,40.293242,0],[-76.65267,40.293413,0],[-76.652641,40.293485,0],[-76.652681,40.293528,0],[-76.653502,40.293929,0],[-76.653554,40.293961,0],[-76.653538,40.294012,0],[-76.65348,40.294053,0],[-76.653408,40.294046,0],[-76.653274,40.293856,0],[-76.653419,40.293773,0],[-76.653553,40.293363,0],[-76.653604,40.293169,0],[-76.653341,40.292639,0],[-76.653329,40.292585,0],[-76.653321,40.292458,0],[-76.653334,40.292333,0],[-76.653385,40.292209,0],[-76.653459,40.292163,0],[-76.653563,40.292174,0],[-76.653648,40.292244,0],[-76.653616,40.292328,0],[-76.653508,40.292388,0],[-76.653399,40.292426,0],[-76.653278,40.292521,0],[-76.653265,40.292659,0],[-76.653316,40.292872,0],[-76.653361,40.292968,0],[-76.653491,40.293061,0],[-76.653543,40.293182,0],[-76.653312,40.293578,0],[-76.65321,40.293656,0],[-76.653028,40.293619,0],[-76.652971,40.293511,0],[-76.653038,40.29342,0],[-76.65318,40.293351,0],[-76.653238,40.293259,0],[-76.653293,40.293098,0],[-76.653209,40.292962,0],[-76.653077,40.292856,0],[-76.652959,40.292738,0],[-76.652834,40.29264,0],[-76.652785,40.292521,0],[-76.652825,40.292416,0],[-76.652869,40.292408,0],[-76.652998,40.292092,0],[-76.65304,40.292033,0],[-76.653097,40.291978,0],[-76.653185,40.291971,0],[-76.653254,40.29202,0],[-76.653255,40.292084,0],[-76.653226,40.292142,0],[-76.653161,40.292174,0],[-76.653062,40.292222,0],[-76.652972,40.292322,0],[-76.652903,40.292436,0],[-76.652848,40.292534,0],[-76.652794,40.292632,0],[-76.652756,40.292734,0],[-76.652764,40.292825,0],[-76.652953,40.293007,0],[-76.653018,40.293087,0],[-76.65304,40.293149,0],[-76.653016,40.293233,0],[-76.652945,40.293311,0],[-76.652853,40.293377,0],[-76.652789,40.293457,0],[-76.652764,40.293538,0],[-76.653644,40.29396,0],[-76.653694,40.294007,0],[-76.653712,40.294041,0],[-76.653779,40.294048,0],[-76.653824,40.294025,0],[-76.65385,40.293974,0],[-76.653826,40.29393,0],[-76.653787,40.293913,0],[-76.653672,40.293902,0],[-76.653598,40.293849,0],[-76.653567,40.29378,0],[-76.653671,40.293388,0],[-76.653634,40.293151,0],[-76.653422,40.292719,0],[-76.653378,40.292608,0],[-76.653432,40.292523,0],[-76.653582,40.292419,0],[-76.653664,40.292354,0],[-76.6537,40.292242,0],[-76.653631,40.292146,0],[-76.653513,40.292117,0],[-76.653434,40.292124,0],[-76.653346,40.292174,0],[-76.653292,40.292302,0],[-76.653227,40.292484,0],[-76.653189,40.292638,0],[-76.653228,40.292695,0],[-76.653373,40.292821,0],[-76.653423,40.292915,0],[-76.653444,40.293097,0],[-76.653453,40.293211,0],[-76.653408,40.293284,0],[-76.653287,40.293345,0],[-76.653128,40.293411,0],[-76.653029,40.293485,0],[-76.653025,40.293551,0],[-76.6531,40.29361,0],[-76.653208,40.293614,0],[-76.653267,40.293543,0],[-76.653261,40.293453,0],[-76.653248,40.293317,0],[-76.65331,40.293161,0],[-76.653316,40.293047,0],[-76.653255,40.292956,0],[-76.652943,40.292677,0],[-76.652821,40.292539,0],[-76.652868,40.292406,0]]},"properties":{"coaster":"Lightning Racer","park":"Hersheypark","make":"Great Coasters International","track":"Wood","opened":"5/13/2000","lat":40.29348161,"color":"5E3F2D","rcdb":"https://rcdb.com/597.htm","model":"Wooden Coaster","length":"3,393","height":92,"speed":51,"inversions":0,"long":"-76.65360710","status":"OPERATING"}},{"type":"Feature","geometry":{"type":"LineString","coordinates":[[-83.535649,35.794428,0],[-83.535524,35.794147,0],[-83.535518,35.794103,0],[-83.535558,35.794038,0],[-83.538258,35.794569,0],[-83.538464,35.794573,0],[-83.538484,35.794494,0],[-83.538429,35.794351,0],[-83.538453,35.794227,0],[-83.538517,35.79412,0],[-83.53847,35.794008,0],[-83.53847,35.794004,0],[-83.538273,35.793981,0],[-83.537841,35.794002,0],[-83.537702,35.793853,0],[-83.537649,35.793661,0],[-83.537655,35.793533,0],[-83.537755,35.793462,0],[-83.537978,35.793476,0],[-83.538112,35.793652,0],[-83.538145,35.793887,0],[-83.538212,35.794089,0],[-83.538087,35.794277,0],[-83.537943,35.794386,0],[-83.537759,35.794528,0],[-83.537601,35.794639,0],[-83.537347,35.794618,0],[-83.536927,35.794565,0],[-83.536674,35.794488,0],[-83.536459,35.794379,0],[-83.536168,35.794373,0],[-83.53599,35.794294,0],[-83.535782,35.793806,0],[-83.535753,35.793561,0],[-83.535832,35.793538,0],[-83.535931,35.793597,0],[-83.535906,35.793816,0],[-83.53581,35.794343,0],[-83.53578,35.794445,0],[-83.535701,35.794461,0],[-83.535649,35.794428,0]]},"properties":{"coaster":"Lightning Rod","park":"Dollywood","make":"Rocky Mountain Construction","track":"Steel","color":"2A2B2B","opened":"6/13/2016","rcdb":"https://rcdb.com/13369.htm","model":"IBox Track","length":"3,800","height":165,"speed":73,"inversions":0,"lat":35.79414705,"long":-83.53552365,"status":"OPERATING"}},{"type":"Feature","geometry":{"type":"LineString","coordinates":[[-76.646407,37.234319,0],[-76.646847,37.234757,0],[-76.646887,37.234781,0],[-76.647219,37.234731,0],[-76.647299,37.234755,0],[-76.647307,37.23482,0],[-76.647264,37.234875,0],[-76.647174,37.234891,0],[-76.646101,37.234699,0],[-76.646041,37.234666,0],[-76.646005,37.234598,0],[-76.646017,37.234543,0],[-76.646265,37.233774,0],[-76.646307,37.23369,0],[-76.646312,37.233582,0],[-76.646215,37.233491,0],[-76.646086,37.233497,0],[-76.646016,37.23357,0],[-76.645919,37.234229,0],[-76.645958,37.234143,0],[-76.6459,37.234634,0],[-76.645792,37.234739,0],[-76.645419,37.234901,0],[-76.645312,37.234932,0],[-76.645287,37.235022,0],[-76.645318,37.235112,0],[-76.645433,37.235131,0],[-76.645521,37.23507,0],[-76.645514,37.23496,0],[-76.645405,37.234929,0],[-76.645288,37.234959,0],[-76.645284,37.235063,0],[-76.645375,37.23513,0],[-76.645489,37.235104,0],[-76.645529,37.235017,0],[-76.645467,37.234951,0],[-76.645358,37.234947,0],[-76.64531,37.235064,0],[-76.645464,37.235129,0],[-76.645544,37.235043,0],[-76.645436,37.234935,0],[-76.645312,37.235009,0],[-76.6454,37.235141,0],[-76.645574,37.235074,0],[-76.64561,37.234966,0],[-76.645518,37.234781,0],[-76.645215,37.234355,0],[-76.64521,37.234243,0],[-76.645308,37.234174,0],[-76.645383,37.234163,0],[-76.645968,37.234196,0],[-76.64584,37.234176,0],[-76.646045,37.234179,0],[-76.64621,37.234206,0],[-76.646359,37.23429,0],[-76.646407,37.234319,0]]},"properties":{"coaster":"Loch Ness Monster","park":"Busch Gardens Williamsburg","make":"Arrow Dynamics","track":"Steel","opened":"6/2/1978","length":"3,240","color":"F2D61B","rcdb":"https://rcdb.com/110.htm","model":"Custom Looping Coaster","height":130,"speed":60,"inversions":2,"lat":37.23462927,"long":-76.64670847,"status":"OPERATING"}},{"type":"Feature","geometry":{"type":"LineString","coordinates":[[-81.461348,28.4117,0],[-81.461146,28.412799,0],[-81.461126,28.412843,0],[-81.461065,28.412864,0],[-81.46099,28.41285,0],[-81.460927,28.412789,0],[-81.460872,28.412701,0],[-81.460839,28.412524,0],[-81.460851,28.412024,0],[-81.460847,28.411939,0],[-81.460876,28.412344,0],[-81.460913,28.412195,0],[-81.460897,28.412081,0],[-81.460796,28.412017,0],[-81.460716,28.412025,0],[-81.460643,28.412093,0],[-81.460617,28.412271,0],[-81.460556,28.412407,0],[-81.460498,28.412481,0],[-81.460414,28.412471,0],[-81.460342,28.412429,0],[-81.46033,28.41235,0],[-81.460365,28.412264,0],[-81.460477,28.412192,0],[-81.46068,28.412162,0],[-81.460862,28.41213,0],[-81.460922,28.412071,0],[-81.460976,28.41196,0],[-81.461024,28.411881,0],[-81.461089,28.411802,0],[-81.461208,28.411763,0],[-81.461351,28.411767,0],[-81.461853,28.411896,0],[-81.46206,28.411957,0],[-81.462149,28.41203,0],[-81.462192,28.412136,0],[-81.462171,28.412229,0],[-81.462126,28.412296,0],[-81.46205,28.412346,0],[-81.461977,28.41236,0],[-81.461878,28.412341,0],[-81.461813,28.412279,0],[-81.461825,28.412184,0],[-81.46188,28.412125,0],[-81.462046,28.412086,0],[-81.462202,28.412054,0],[-81.462271,28.412001,0],[-81.462309,28.411914,0],[-81.462273,28.411843,0],[-81.46219,28.411795,0],[-81.462,28.411742,0],[-81.461469,28.411604,0],[-81.461392,28.411612,0],[-81.46136,28.411646,0],[-81.461348,28.4117,0]]},"properties":{"coaster":"Manta","park":"SeaWorld Orlando","make":"Bolliger & Mabillard","track":"Steel","model":"Flying Coaster","inversions":4,"color":"384DEB","rcdb":"https://rcdb.com/4190.htm","opened":"5/22/2009","length":"3,359","height":140,"speed":56,"lat":28.41197655,"long":-81.46132668,"status":"OPERATING"}},{"type":"Feature","geometry":{"type":"LineString","coordinates":[[-83.53069,35.795526,0],[-83.530469,35.795464,0],[-83.530291,35.795418,0],[-83.530276,35.795449,0],[-83.530235,35.795478,0],[-83.530175,35.795466,0],[-83.530096,35.795414,0],[-83.530124,35.795362,0],[-83.530213,35.795361,0],[-83.530254,35.795404,0],[-83.530215,35.795417,0],[-83.530121,35.795417,0],[-83.530079,35.795436,0],[-83.530073,35.795492,0],[-83.530054,35.795539,0],[-83.530016,35.79561,0],[-83.529966,35.795692,0],[-83.529888,35.795769,0],[-83.529874,35.795807,0],[-83.52996,35.795827,0],[-83.529982,35.795784,0],[-83.530032,35.795747,0],[-83.530087,35.795746,0],[-83.530162,35.795764,0],[-83.530218,35.795802,0],[-83.530191,35.795856,0],[-83.530115,35.79586,0],[-83.529888,35.795734,0],[-83.529883,35.795684,0],[-83.529875,35.795637,0],[-83.529813,35.795608,0],[-83.529755,35.795635,0],[-83.529745,35.795695,0],[-83.529811,35.795726,0],[-83.529908,35.795695,0],[-83.529955,35.795675,0],[-83.529999,35.795613,0],[-83.53001,35.795552,0],[-83.530072,35.79548,0],[-83.530045,35.795433,0],[-83.530039,35.79538,0],[-83.530093,35.795362,0],[-83.530262,35.795348,0],[-83.530393,35.795328,0],[-83.530438,35.795353,0],[-83.530517,35.79539,0],[-83.530606,35.795442,0],[-83.530741,35.795475,0],[-83.530882,35.795508,0],[-83.530965,35.795573,0],[-83.53121,35.795659,0],[-83.531206,35.795657,0],[-83.531193,35.795655,0],[-83.530901,35.795584,0],[-83.53069,35.795526,0]]},"properties":{"coaster":"Mystery Mine","park":"Dollywood","make":"Gerstlauer Amusement Rides","track":"Steel","color":929294,"opened":"4/13/2007","status":"OPERATING","rcdb":"https://rcdb.com/3609.htm","model":"Euro-Fighter","length":"1,805","height":85,"speed":44,"inversions":2,"lat":35.79542894,"long":-83.53045792}},{"type":"Feature","geometry":{"type":"LineString","coordinates":[[-80.941808,35.102983,0],[-80.941766,35.102719,0],[-80.941734,35.102675,0],[-80.941682,35.10267,0],[-80.940725,35.102989,0],[-80.940672,35.103055,0],[-80.940684,35.103171,0],[-80.940764,35.103232,0],[-80.940908,35.103237,0],[-80.941165,35.103081,0],[-80.941288,35.103022,0],[-80.941415,35.102985,0],[-80.941528,35.10298,0],[-80.941579,35.103023,0],[-80.941569,35.103091,0],[-80.941482,35.103156,0],[-80.941096,35.103341,0],[-80.940966,35.103353,0],[-80.940843,35.103314,0],[-80.940791,35.103241,0],[-80.940791,35.103146,0],[-80.940887,35.10307,0],[-80.941075,35.102992,0],[-80.941272,35.102924,0],[-80.941121,35.102958,0],[-80.941268,35.102892,0],[-80.941467,35.102821,0],[-80.941533,35.102748,0],[-80.941545,35.102665,0],[-80.941423,35.102609,0],[-80.941278,35.102627,0],[-80.941097,35.102699,0],[-80.940965,35.102764,0],[-80.940873,35.102823,0],[-80.940726,35.102871,0],[-80.940585,35.102877,0],[-80.940479,35.102826,0],[-80.940452,35.102718,0],[-80.940486,35.102635,0],[-80.940567,35.102594,0],[-80.940731,35.102628,0],[-80.940898,35.102541,0],[-80.941069,35.102571,0],[-80.94122,35.102482,0],[-80.941374,35.102446,0],[-80.941377,35.102446,0],[-80.941509,35.102475,0],[-80.941569,35.102544,0],[-80.941588,35.102635,0],[-80.941613,35.102751,0],[-80.941634,35.102942,0],[-80.941659,35.10302,0],[-80.941725,35.103052,0],[-80.941783,35.103029,0],[-80.941808,35.102983,0]]},"properties":{"coaster":"Nighthawk","park":"Carowinds","make":"Vekoma","track":"Steel","long":-80.94180294,"color":"FFD005","rcdb":"https://rcdb.com/2514.htm","opened":"3/20/2004","model":"Flying Coaster","length":"2,766","height":115,"speed":51,"inversions":5,"lat":35.10288064,"status":"DEFUNCT"}},{"type":"Feature","geometry":{"type":"LineString","coordinates":[[-76.642068,37.233294,0],[-76.642742,37.234009,0],[-76.64278,37.234035,0],[-76.642858,37.234046,0],[-76.642901,37.234024,0],[-76.642931,37.233997,0],[-76.642993,37.233982,0],[-76.643053,37.233955,0],[-76.643082,37.23392,0],[-76.643163,37.233683,0],[-76.643221,37.233505,0],[-76.643262,37.23344,0],[-76.643335,37.233421,0],[-76.643415,37.233448,0],[-76.643449,37.233509,0],[-76.643457,37.233557,0],[-76.64342,37.233606,0],[-76.643365,37.233644,0],[-76.64331,37.233654,0],[-76.643237,37.233644,0],[-76.6431,37.233627,0],[-76.642999,37.233628,0],[-76.642891,37.233638,0],[-76.642744,37.233607,0],[-76.642664,37.233581,0],[-76.642583,37.233507,0],[-76.642152,37.232871,0],[-76.642786,37.233815,0],[-76.642119,37.232824,0],[-76.642291,37.232666,0],[-76.64234,37.232615,0],[-76.642388,37.232568,0],[-76.642458,37.232531,0],[-76.64257,37.232498,0],[-76.64268,37.232494,0],[-76.642777,37.23251,0],[-76.642853,37.232552,0],[-76.642954,37.232613,0],[-76.643057,37.232679,0],[-76.643124,37.232755,0],[-76.643175,37.23283,0],[-76.643175,37.232831,0],[-76.64322,37.232911,0],[-76.643222,37.233041,0],[-76.643202,37.233066,0],[-76.643165,37.233103,0],[-76.643141,37.233133,0],[-76.643139,37.233135,0],[-76.643091,37.23319,0],[-76.643043,37.233246,0],[-76.643011,37.233284,0],[-76.643011,37.233287,0],[-76.642965,37.233324,0],[-76.642891,37.233374,0],[-76.64282,37.233397,0],[-76.642734,37.233404,0],[-76.64264,37.233388,0],[-76.642531,37.233315,0],[-76.642454,37.232866,0],[-76.642428,37.232736,0],[-76.64236,37.232644,0],[-76.642303,37.232604,0],[-76.642231,37.23258,0],[-76.642153,37.232577,0],[-76.642088,37.232588,0],[-76.642022,37.232618,0],[-76.641981,37.232671,0],[-76.641959,37.23273,0],[-76.641943,37.232802,0],[-76.641911,37.232861,0],[-76.641882,37.232917,0],[-76.641864,37.233007,0],[-76.641876,37.233077,0],[-76.641878,37.23308,0],[-76.641954,37.23317,0],[-76.642068,37.233294,0]]},"properties":{"coaster":"Pantheon","park":"Busch Gardens Williamsburg","make":"Intamin Amusement Rides","track":"Steel","rcdb":"https://rcdb.com/16812.htm","opened":"3/25/2022","length":"3,328","long":-76.64269804,"status":"OPERATING","color":"CC9810","model":"LSM Launch Coaster","height":178,"speed":73,"inversions":2,"lat":37.23395967}},{"type":"Feature","geometry":{"type":"LineString","coordinates":[[-77.439979,37.837806,0],[-77.439184,37.836367,0],[-77.439058,37.836211,0],[-77.438995,37.835987,0],[-77.439085,37.835768,0],[-77.439282,37.835657,0],[-77.439554,37.835636,0],[-77.439866,37.835769,0],[-77.439968,37.835953,0],[-77.43994,37.836131,0],[-77.439814,37.836309,0],[-77.438653,37.837005,0],[-77.438566,37.837204,0],[-77.438591,37.837428,0],[-77.438792,37.837657,0],[-77.438941,37.837868,0],[-77.43917,37.83796,0],[-77.439389,37.837923,0],[-77.439601,37.837798,0],[-77.439613,37.837574,0],[-77.439472,37.837424,0],[-77.439265,37.837379,0],[-77.439032,37.837396,0],[-77.438878,37.837378,0],[-77.438733,37.837257,0],[-77.438717,37.837027,0],[-77.438736,37.836794,0],[-77.438699,37.836682,0],[-77.438532,37.836507,0],[-77.438404,37.836377,0],[-77.438361,37.836225,0],[-77.438433,37.836076,0],[-77.438602,37.836016,0],[-77.438825,37.83605,0],[-77.438952,37.836182,0],[-77.439663,37.837415,0],[-77.439664,37.83757,0],[-77.43957,37.837701,0],[-77.439385,37.837757,0],[-77.439206,37.837729,0],[-77.438984,37.837706,0],[-77.438879,37.837727,0],[-77.438804,37.837865,0],[-77.438806,37.837868,0],[-77.438808,37.837884,0],[-77.438889,37.838017,0],[-77.439026,37.83807,0],[-77.439248,37.838073,0],[-77.439879,37.838021,0],[-77.440007,37.837961,0],[-77.440008,37.837867,0],[-77.439979,37.837806,0]]},"properties":{"coaster":"Pantherian","park":"Kings Dominion","make":"Intamin Amusement Rides","track":"Steel","inversions":0,"status":"OPERATING","color":"FF9B00","rcdb":"https://rcdb.com/4520.htm","opened":"4/2/2010","model":"Giga Coaster","length":"5,100","height":305,"speed":90,"lat":37.83734806,"long":-77.43975896}},{"type":"Feature","geometry":{"type":"LineString","coordinates":[[-111.892728,40.98821,0],[-111.892745,40.987998,0],[-111.892764,40.987957,0],[-111.892824,40.987943,0],[-111.892826,40.987946,0],[-111.892828,40.98795,0],[-111.892857,40.987995,0],[-111.892857,40.987997,0],[-111.892994,40.988556,0],[-111.89307,40.988639,0],[-111.893199,40.98861,0],[-111.893212,40.988553,0],[-111.893178,40.988496,0],[-111.893175,40.988496,0],[-111.893101,40.988437,0],[-111.893035,40.988385,0],[-111.893009,40.988319,0],[-111.893051,40.988255,0],[-111.893117,40.98823,0],[-111.893213,40.988237,0],[-111.893257,40.988285,0],[-111.893248,40.98834,0],[-111.89321,40.988386,0],[-111.893142,40.988412,0],[-111.893016,40.988401,0],[-111.892942,40.988396,0],[-111.892876,40.988408,0],[-111.892874,40.988408,0],[-111.892791,40.988432,0],[-111.892757,40.988456,0],[-111.892727,40.988491,0],[-111.892728,40.988519,0],[-111.892765,40.988526,0],[-111.892833,40.988526,0],[-111.892895,40.98853,0],[-111.892938,40.988539,0],[-111.892965,40.988575,0],[-111.892976,40.988616,0],[-111.89293,40.988645,0],[-111.892859,40.988654,0],[-111.892774,40.988651,0],[-111.892701,40.988641,0],[-111.892659,40.988619,0],[-111.892656,40.988595,0],[-111.892643,40.988542,0],[-111.892637,40.988508,0],[-111.892636,40.98847,0],[-111.892636,40.988443,0],[-111.892684,40.988399,0],[-111.892727,40.988382,0],[-111.892756,40.98836,0],[-111.892784,40.988333,0],[-111.892785,40.988298,0],[-111.89276,40.988278,0],[-111.892733,40.98826,0],[-111.892728,40.98821,0]]},"properties":{"coaster":"Primordial","park":"Lagoon","make":"ART Engineering","track":"Steel","lat":40.98822367,"color":"26A32C","rcdb":"https://rcdb.com/17035.htm","opened":"9/15/2023","model":"Interactive Coaster","length":"1,985","height":85,"speed":40,"inversions":0,"long":-111.89274448,"status":"OPERATING"}},{"type":"Feature","geometry":{"type":"LineString","coordinates":[[-77.444819,37.837108,0],[-77.445194,37.837144,0],[-77.445282,37.837161,0],[-77.44528,37.837274,0],[-77.445182,37.837297,0],[-77.444642,37.837064,0],[-77.440162,37.836695,0],[-77.439997,37.836709,0],[-77.439918,37.836805,0],[-77.439939,37.836888,0],[-77.440019,37.836949,0],[-77.44013,37.836957,0],[-77.441183,37.836821,0],[-77.444819,37.837108,0],[-77.444827,37.837048,0],[-77.445207,37.837066,0],[-77.445292,37.837048,0],[-77.445323,37.837004,0],[-77.445308,37.836945,0],[-77.445241,37.836901,0],[-77.444648,37.837046,0],[-77.440168,37.836672,0],[-77.440012,37.836641,0],[-77.439969,37.836567,0],[-77.439979,37.836469,0],[-77.44007,37.836393,0],[-77.440172,37.836395,0],[-77.441213,37.836679,0],[-77.444828,37.837048,0]]},"properties":{"coaster":"Racer 75","park":"Kings Dominion","make":"Philadelphia Toboggan Coasters","track":"Wood","height":85,"inversions":0,"long":-77.44484224,"status":"OPERATING","color":"5E3F2D","rcdb":"https://rcdb.com/88.htm","opened":"5/3/1975","model":"Racing Wooden Coaster","length":"3,369","speed":56,"lat":"37.83707270"}},{"type":"Feature","geometry":{"type":"LineString","coordinates":[[-81.469702,28.477113,0],[-81.469928,28.476594,0],[-81.469878,28.476527,0],[-81.46987,28.476484,0],[-81.469922,28.476448,0],[-81.469963,28.476463,0],[-81.470008,28.476587,0],[-81.470055,28.476606,0],[-81.470215,28.476597,0],[-81.470259,28.476622,0],[-81.47029,28.476701,0],[-81.470351,28.476699,0],[-81.470402,28.476614,0],[-81.47015,28.477145,0],[-81.470088,28.477229,0],[-81.470028,28.47722,0],[-81.469982,28.477175,0],[-81.469965,28.477073,0],[-81.469912,28.477023,0],[-81.469836,28.477038,0],[-81.469822,28.477101,0],[-81.469835,28.477154,0],[-81.4699,28.477162,0],[-81.469946,28.47712,0],[-81.469968,28.477026,0],[-81.469971,28.476914,0],[-81.469983,28.476836,0],[-81.470036,28.476764,0],[-81.470094,28.476741,0],[-81.470159,28.476776,0],[-81.470171,28.476846,0],[-81.470112,28.476906,0],[-81.469844,28.476989,0],[-81.469786,28.477037,0],[-81.469751,28.477124,0],[-81.469804,28.477208,0],[-81.470022,28.477293,0],[-81.470084,28.477248,0],[-81.470099,28.477214,0],[-81.470055,28.477165,0],[-81.469801,28.477191,0],[-81.469721,28.477162,0],[-81.469702,28.477113,0]]},"properties":{"coaster":"Revenge of the Mummy","park":"Universal Studios Florida","make":"Premier Rides","track":"Steel","rcdb":"https://rcdb.com/2232.htm","model":"Dark Ride Launch Coaster","lat":"28.47679070","color":"0A0A0A","opened":"5/21/2004","length":"2,200","height":44,"speed":40,"inversions":0,"long":"-81.46973070","status":"OPERATING"}},{"type":"Feature","geometry":{"type":"LineString","coordinates":[[-80.942989,35.104139,0],[-80.942874,35.104092,0],[-80.942857,35.104096,0],[-80.942686,35.104394,0],[-80.942686,35.104421,0],[-80.942809,35.104473,0],[-80.942833,35.104473,0],[-80.942846,35.104448,0],[-80.942745,35.104393,0],[-80.942731,35.104373,0],[-80.942748,35.104352,0],[-80.942867,35.104392,0],[-80.942888,35.104383,0],[-80.942894,35.104361,0],[-80.942784,35.10431,0],[-80.942768,35.104287,0],[-80.942783,35.104264,0],[-80.942904,35.104304,0],[-80.942934,35.104306,0],[-80.942946,35.10428,0],[-80.942826,35.104223,0],[-80.942805,35.104201,0],[-80.942818,35.104179,0],[-80.942848,35.10418,0],[-80.942938,35.104217,0],[-80.94296,35.10422,0],[-80.942981,35.10421,0],[-80.942997,35.104176,0],[-80.942995,35.104154,0],[-80.94297,35.104118,0],[-80.942919,35.104105,0],[-80.942872,35.104138,0],[-80.94272,35.104401,0],[-80.942731,35.104417,0],[-80.942797,35.104442,0],[-80.942818,35.104441,0],[-80.942987,35.10417,0],[-80.942979,35.104146,0],[-80.94289,35.104116,0],[-80.94272,35.104413,0],[-80.942808,35.104448,0],[-80.942996,35.104145,0],[-80.942989,35.104139,0]]},"properties":{"coaster":"Ricochet","park":"Carowinds","make":"Mack Rides","track":"Steel","opened":"3/23/2002","rcdb":"https://rcdb.com/1478.htm","height":46,"long":-80.94289099,"color":"4BCC14","model":"Wilde Maus","length":"1,214","speed":28,"inversions":0,"lat":35.10408574,"status":"OPERATING"}},{"type":"Feature","geometry":{"type":"LineString","coordinates":[[-111.894361,40.984695,0],[-111.894157,40.984687,0],[-111.894098,40.984714,0],[-111.894101,40.984786,0],[-111.894161,40.984813,0],[-111.895062,40.984964,0],[-111.895245,40.984977,0],[-111.896398,40.98489,0],[-111.896511,40.984859,0],[-111.896548,40.984791,0],[-111.896518,40.984711,0],[-111.896425,40.984695,0],[-111.894859,40.984856,0],[-111.89477,40.984882,0],[-111.894745,40.984967,0],[-111.89481,40.985039,0],[-111.894913,40.985049,0],[-111.89646,40.984888,0],[-111.896542,40.984827,0],[-111.896511,40.984728,0],[-111.896457,40.984679,0],[-111.896281,40.984677,0],[-111.895315,40.98478,0],[-111.89526,40.984783,0],[-111.894556,40.984703,0],[-111.894361,40.984695,0]]},"properties":{"coaster":"Roller Coaster","park":"Lagoon","make":"Built in-house","track":"Wood","height":62,"color":"5E3F2D","rcdb":"https://rcdb.com/196.htm","opened":"7/15/1921","model":"Wooden Coaster","length":"2,500","speed":45,"inversions":0,"lat":40.98468796,"long":-111.89418792,"status":"OPERATING"}},{"type":"Feature","geometry":{"type":"LineString","coordinates":[[-73.849456,44.401139,0],[-73.849647,44.400967,0],[-73.84963,44.400932,0],[-73.849567,44.400914,0],[-73.849495,44.400966,0],[-73.849375,44.401084,0],[-73.849383,44.401122,0],[-73.849456,44.401139,0]]},"properties":{"coaster":"Santa's Sleigh Coaster","park":"Santa's Workshop","make":"Molina & Son's","track":"Steel","color":"4A4848","model":"Oval","height":7,"rcdb":"https://rcdb.com/3683.htm","opened":"6/21/2003","length":263,"speed":15,"inversions":0,"lat":44.40102307,"long":-73.84944869,"status":"OPERATING"}},{"type":"Feature","geometry":{"type":"LineString","coordinates":[[-84.427933,33.495371,0],[-84.427989,33.495268,0],[-84.427995,33.495237,0],[-84.427977,33.495208,0],[-84.427942,33.495201,0],[-84.427915,33.495218,0],[-84.4279,33.495247,0],[-84.427884,33.495293,0],[-84.4279,33.495314,0],[-84.427903,33.495314,0],[-84.427908,33.495314,0],[-84.427941,33.495311,0],[-84.427953,33.495283,0],[-84.427934,33.49526,0],[-84.427908,33.495257,0],[-84.427888,33.495272,0],[-84.427868,33.49531,0],[-84.427857,33.49535,0],[-84.427876,33.495377,0],[-84.42791,33.495382,0],[-84.427933,33.495371,0]]},"properties":{"coaster":"Sea Serpent","park":"Fun Spot America Atlanta","make":"E&F Miler Industries","track":"Steel","opened":"4/13/2019","color":"168A20","rcdb":"https://rcdb.com/17408.htm","model":"Family Coaster","length":300,"height":12,"speed":15,"inversions":0,"lat":33.49529428,"long":-84.42798108,"status":"CLOSING"}},{"type":"Feature","geometry":{"type":"LineString","coordinates":[[-77.444888,37.838471,0],[-77.44409,37.839176,0],[-77.443995,37.839203,0],[-77.443942,37.839154,0],[-77.44398,37.839093,0],[-77.444425,37.838684,0],[-77.444318,37.838743,0],[-77.444409,37.838644,0],[-77.444877,37.838275,0],[-77.444984,37.838252,0],[-77.445072,37.838289,0],[-77.445076,37.838369,0],[-77.445034,37.838422,0],[-77.444916,37.838443,0],[-77.444856,37.838385,0],[-77.444848,37.838312,0],[-77.444917,37.83826,0],[-77.44503,37.838267,0],[-77.445091,37.838331,0],[-77.445062,37.838428,0],[-77.444962,37.838519,0],[-77.444408,37.83899,0],[-77.444398,37.839069,0],[-77.444461,37.839101,0],[-77.444539,37.839086,0],[-77.444993,37.838541,0],[-77.444985,37.838491,0],[-77.444933,37.838461,0],[-77.444888,37.838471,0]]},"properties":{"coaster":"Shockwave","park":"Kings Dominion","make":"Togo","track":"Steel","color":"2EC73B","rcdb":"https://rcdb.com/91.htm","opened":"3/23/1986","model":"Standing Coaster","length":"2,231","height":95,"speed":50,"inversions":1,"lat":37.83866375,"long":-77.44470016,"status":"DEFUNCT"}},{"type":"Feature","geometry":{"type":"LineString","coordinates":[[-76.655079,40.287081,0],[-76.655303,40.286669,0],[-76.656008,40.285825,0],[-76.656151,40.28579,0],[-76.656357,40.285791,0],[-76.656622,40.285903,0],[-76.65686,40.286038,0],[-76.657032,40.286265,0],[-76.657126,40.286492,0],[-76.657294,40.286622,0],[-76.657479,40.286637,0],[-76.657673,40.286568,0],[-76.657791,40.286392,0],[-76.65768,40.286188,0],[-76.657482,40.286104,0],[-76.657245,40.286076,0],[-76.657014,40.286151,0],[-76.656821,40.286248,0],[-76.656669,40.286326,0],[-76.656542,40.28635,0],[-76.656329,40.28629,0],[-76.65626,40.286158,0],[-76.656291,40.286016,0],[-76.656421,40.285888,0],[-76.656675,40.285835,0],[-76.656877,40.285883,0],[-76.657028,40.285995,0],[-76.657232,40.286148,0],[-76.657527,40.286184,0],[-76.657729,40.286228,0],[-76.657847,40.286352,0],[-76.657851,40.286501,0],[-76.657763,40.28657,0],[-76.65761,40.286571,0],[-76.657471,40.28649,0],[-76.657398,40.286422,0],[-76.65739,40.286418,0],[-76.65721,40.286403,0],[-76.657066,40.286415,0],[-76.656876,40.286415,0],[-76.656705,40.286363,0],[-76.656387,40.286381,0],[-76.656159,40.286357,0],[-76.656002,40.286314,0],[-76.655885,40.286377,0],[-76.655801,40.286515,0],[-76.655746,40.286618,0],[-76.65569,40.286711,0],[-76.655642,40.28685,0],[-76.655608,40.286916,0],[-76.655517,40.28702,0],[-76.65532,40.287237,0],[-76.655236,40.287268,0],[-76.655147,40.287267,0],[-76.655069,40.287236,0],[-76.655037,40.287171,0],[-76.655079,40.287081,0]]},"properties":{"coaster":"Skyrush","park":"Hersheypark","make":"Intamin Amusement Rides","track":"Steel","color":"EBEB15","rcdb":"https://rcdb.com/10089.htm","opened":"5/26/2012","model":"Wing Coaster","length":"3,600","height":200,"speed":75,"inversions":0,"lat":40.28654406,"long":-76.65537812,"status":"OPERATING"}},{"type":"Feature","geometry":{"type":"LineString","coordinates":[[-76.654792,40.286186,0],[-76.654607,40.286175,0],[-76.654171,40.285894,0],[-76.654016,40.285933,0],[-76.653905,40.286537,0],[-76.653903,40.286394,0],[-76.653866,40.286584,0],[-76.653863,40.286702,0],[-76.653893,40.286777,0],[-76.653962,40.286828,0],[-76.654075,40.286862,0],[-76.654156,40.286811,0],[-76.654207,40.286693,0],[-76.654205,40.286689,0],[-76.654167,40.286554,0],[-76.654019,40.28648,0],[-76.653877,40.286473,0],[-76.653667,40.286527,0],[-76.653482,40.286472,0],[-76.653425,40.286394,0],[-76.653409,40.286306,0],[-76.653454,40.286207,0],[-76.653578,40.286123,0],[-76.653738,40.286103,0],[-76.653928,40.286085,0],[-76.654112,40.286007,0],[-76.654273,40.285952,0],[-76.654498,40.285905,0],[-76.654752,40.285874,0],[-76.654975,40.285854,0],[-76.655179,40.285827,0],[-76.655352,40.285771,0],[-76.65551,40.285744,0],[-76.6556,40.285817,0],[-76.655552,40.285912,0],[-76.655452,40.285965,0],[-76.655346,40.285943,0],[-76.655269,40.285901,0],[-76.655289,40.28578,0],[-76.655462,40.285694,0],[-76.655624,40.285771,0],[-76.655698,40.28587,0],[-76.655713,40.285959,0],[-76.655685,40.286069,0],[-76.655617,40.286189,0],[-76.655534,40.286241,0],[-76.655529,40.286242,0],[-76.655142,40.286198,0],[-76.654792,40.286186,0]]},"properties":{"coaster":"Sooperdooperlooper","park":"Hersheypark","make":"Schwarzkopf","track":"Steel","color":"3304B8","rcdb":"https://rcdb.com/108.htm","opened":"5/8/1977","model":"Looping Coaster","length":"2,614","height":75,"speed":45,"inversions":1,"lat":40.28618993,"long":-76.65480158,"status":"OPERATING"}},{"type":"Feature","geometry":{"type":"LineString","coordinates":[[-111.895079,40.984321,0],[-111.895206,40.984322,0],[-111.89521,40.98466,0],[-111.895194,40.984677,0],[-111.895041,40.984675,0],[-111.895032,40.984656,0],[-111.895034,40.984584,0],[-111.895078,40.984521,0],[-111.895145,40.984483,0],[-111.895201,40.984433,0],[-111.895213,40.984399,0],[-111.895189,40.984345,0],[-111.895132,40.984324,0],[-111.895058,40.984327,0],[-111.895013,40.984339,0],[-111.895004,40.984392,0],[-111.895038,40.984405,0],[-111.895134,40.984404,0],[-111.895212,40.984404,0],[-111.895228,40.98442,0],[-111.895217,40.984455,0],[-111.895162,40.98447,0],[-111.895078,40.984468,0],[-111.895009,40.984472,0],[-111.894983,40.984504,0],[-111.895001,40.984529,0],[-111.895057,40.984536,0],[-111.895148,40.984523,0],[-111.895194,40.984528,0],[-111.895213,40.984571,0],[-111.895208,40.984632,0],[-111.895213,40.984669,0],[-111.895124,40.98468,0],[-111.89503,40.984675,0],[-111.895006,40.984657,0],[-111.894995,40.984626,0],[-111.895007,40.984564,0],[-111.894988,40.984509,0],[-111.895007,40.984436,0],[-111.894994,40.984396,0],[-111.895001,40.984337,0],[-111.895166,40.98433,0],[-111.895214,40.984359,0],[-111.895182,40.984405,0],[-111.895128,40.98445,0],[-111.895065,40.984445,0],[-111.895039,40.984409,0],[-111.895067,40.984367,0],[-111.89511,40.984365,0],[-111.895143,40.984377,0],[-111.895169,40.984432,0],[-111.8952,40.984494,0],[-111.895208,40.984538,0],[-111.895211,40.984651,0],[-111.895169,40.98467,0],[-111.895011,40.984663,0],[-111.895006,40.984324,0],[-111.895079,40.984321,0]]},"properties":{"coaster":"Spider","park":"Lagoon","make":"Maurer Rides","track":"Steel","length":"1,391","opened":"4/12/2003","color":"ED5140","rcdb":"https://rcdb.com/2164.htm","model":"Spinning Coaster","height":51,"speed":37,"inversions":0,"lat":40.98433266,"long":-111.89506419,"status":"OPERATING"}},{"type":"Feature","geometry":{"type":"LineString","coordinates":[[-76.653308,40.289834,0],[-76.654676,40.289208,0],[-76.654439,40.288492,0],[-76.654413,40.288533,0],[-76.654458,40.288634,0],[-76.654436,40.288681,0],[-76.654045,40.288602,0],[-76.653359,40.288451,0],[-76.653157,40.288412,0],[-76.653092,40.288574,0],[-76.653061,40.28874,0],[-76.65302,40.288933,0],[-76.652947,40.289071,0],[-76.652865,40.289214,0],[-76.652879,40.289347,0],[-76.652911,40.289592,0],[-76.652898,40.289796,0],[-76.652925,40.289898,0],[-76.653032,40.289934,0],[-76.653193,40.289892,0],[-76.653308,40.289834,0]]},"properties":{"coaster":"Storm Runner","park":"Hersheypark","make":"Intamin Amusement Rides","track":"Steel","opened":"5/8/2004","model":"Accelerator Coaster","height":180,"color":"FF0000","rcdb":"https://rcdb.com/2498.htm","length":"2,600","speed":75,"inversions":3,"lat":40.28973431,"long":-76.65356869,"status":"OPERATING"}},{"type":"Feature","geometry":{"type":"LineString","coordinates":[[-98.698973,29.456643,0],[-98.698801,29.456687,0],[-98.698769,29.456727,0],[-98.698781,29.456774,0],[-98.698782,29.456775,0],[-98.698831,29.456787,0],[-98.698868,29.456772,0],[-98.698924,29.456736,0],[-98.698977,29.456738,0],[-98.69901,29.456737,0],[-98.699014,29.456737,0],[-98.699046,29.456715,0],[-98.699042,29.456663,0],[-98.69901,29.456645,0],[-98.698973,29.456643,0]]},"properties":{"coaster":"Super Grover's Box Car Derby","park":"SeaWorld San Antonio","make":"Zierer","track":"Steel","height":13,"rcdb":"https://rcdb.com/2613.htm","opened":"4/4/2004","color":"E649C2","model":"Force","length":230,"speed":15,"inversions":0,"lat":29.45664432,"long":-98.69892499,"status":"DEFUNCT"}},{"type":"Feature","geometry":{"type":"LineString","coordinates":[[-76.642191,37.234958,0],[-76.642006,37.234921,0],[-76.641748,37.234861,0],[-76.64206,37.234954,0],[-76.64226,37.23501,0],[-76.642417,37.235008,0],[-76.642061,37.234938,0],[-76.641944,37.234916,0],[-76.642134,37.234972,0],[-76.642286,37.234983,0],[-76.642191,37.234958,0]]},"properties":{"coaster":"Tempesto","park":"Busch Gardens Williamsburg","make":"Premier Rides","track":"Steel","rcdb":"https://rcdb.com/12277.htm","height":150,"speed":62,"inversions":1,"lat":37.23494737,"status":"OPERATING","color":"2DCFCC","opened":"4/25/2015","model":"Sky Rocket II","length":863,"long":-76.64212597}},{"type":"Feature","geometry":{"type":"LineString","coordinates":[[-83.528726,35.793321,0],[-83.529094,35.793225,0],[-83.529171,35.793175,0],[-83.529187,35.793123,0],[-83.529152,35.793093,0],[-83.528987,35.793111,0],[-83.528501,35.793188,0],[-83.528463,35.793177,0],[-83.527933,35.792467,0],[-83.527874,35.792382,0],[-83.527848,35.792308,0],[-83.527898,35.792251,0],[-83.528019,35.792237,0],[-83.528053,35.792331,0],[-83.528091,35.792505,0],[-83.52803,35.793122,0],[-83.528151,35.792935,0],[-83.528154,35.793245,0],[-83.52813,35.793439,0],[-83.52806,35.793504,0],[-83.527907,35.793535,0],[-83.527729,35.793475,0],[-83.527514,35.793293,0],[-83.527248,35.793044,0],[-83.527394,35.793142,0],[-83.527559,35.793095,0],[-83.527707,35.793008,0],[-83.527818,35.792936,0],[-83.527985,35.79295,0],[-83.52818,35.793066,0],[-83.528511,35.793242,0],[-83.528662,35.793314,0],[-83.528726,35.793321,0]]},"properties":{"coaster":"Tennessee Tornado","park":"Dollywood","make":"Arrow Dynamics","track":"Steel","rcdb":"https://rcdb.com/534.htm","length":"2,682","inversions":3,"color":"8F3118","opened":"4/17/1999","model":"Custom Looping Coaster","height":163,"speed":63,"lat":35.79320566,"long":-83.52899429,"status":"OPERATING"}},{"type":"Feature","geometry":{"type":"LineString","coordinates":[[-83.53198,35.796544,0],[-83.531933,35.79646,0],[-83.531915,35.796395,0],[-83.531955,35.796361,0],[-83.532038,35.79638,0],[-83.532047,35.796455,0],[-83.531912,35.796498,0],[-83.531316,35.797074,0],[-83.531204,35.797122,0],[-83.531115,35.797121,0],[-83.531051,35.797035,0],[-83.531056,35.796924,0],[-83.531106,35.796822,0],[-83.531106,35.796688,0],[-83.531063,35.7966,0],[-83.530972,35.796546,0],[-83.530967,35.796462,0],[-83.531032,35.796412,0],[-83.531159,35.796422,0],[-83.531191,35.796519,0],[-83.531193,35.796524,0],[-83.531233,35.79671,0],[-83.531332,35.796788,0],[-83.531484,35.796861,0],[-83.531579,35.796916,0],[-83.531691,35.796894,0],[-83.531751,35.796839,0],[-83.531753,35.796755,0],[-83.531665,35.796633,0],[-83.531652,35.796513,0],[-83.531721,35.796418,0],[-83.532192,35.79646,0],[-83.532322,35.796497,0],[-83.532401,35.796575,0],[-83.532403,35.79658,0],[-83.53241,35.796669,0],[-83.532341,35.796723,0],[-83.532195,35.796727,0],[-83.531895,35.79647,0],[-83.531801,35.796457,0],[-83.531654,35.796457,0],[-83.531567,35.796512,0],[-83.531563,35.796517,0],[-83.531532,35.796617,0],[-83.53148,35.796709,0],[-83.531226,35.796878,0],[-83.531089,35.796905,0],[-83.530843,35.796885,0],[-83.530722,35.796929,0],[-83.530687,35.797007,0],[-83.530687,35.797012,0],[-83.530738,35.797088,0],[-83.530883,35.797089,0],[-83.530974,35.797056,0],[-83.530999,35.796822,0],[-83.53095,35.79671,0],[-83.530937,35.796612,0],[-83.531059,35.796572,0],[-83.531179,35.796635,0],[-83.531191,35.796765,0],[-83.53117,35.796847,0],[-83.531163,35.796941,0],[-83.531204,35.797,0],[-83.531313,35.796974,0],[-83.531519,35.796798,0],[-83.53163,35.79673,0],[-83.531829,35.796721,0],[-83.532092,35.796763,0],[-83.532149,35.796737,0],[-83.532139,35.796665,0],[-83.53198,35.796544,0]]},"properties":{"coaster":"Thunderhead","park":"Dollywood","make":"Great Coasters International","track":"Wood","inversions":0,"color":"5E3F2D","rcdb":"https://rcdb.com/2451.htm","opened":"4/3/2004","model":"Wooden Coaster","length":"3,230","height":100,"speed":54,"lat":35.79653558,"long":-83.53201107,"status":"OPERATING"}},{"type":"Feature","geometry":{"type":"LineString","coordinates":[[-76.653261,40.28903,0],[-76.652997,40.288811,0],[-76.652919,40.288782,0],[-76.652848,40.288805,0],[-76.652821,40.288871,0],[-76.652792,40.289017,0],[-76.653157,40.289624,0],[-76.65323,40.289755,0],[-76.653185,40.289842,0],[-76.653107,40.289864,0],[-76.653013,40.289838,0],[-76.652944,40.289764,0],[-76.652996,40.289641,0],[-76.653152,40.28959,0],[-76.653263,40.289612,0],[-76.653452,40.289669,0],[-76.65355,40.289679,0],[-76.653691,40.289632,0],[-76.653903,40.289462,0],[-76.653971,40.289376,0],[-76.653951,40.289257,0],[-76.653855,40.289188,0],[-76.653675,40.289162,0],[-76.653493,40.289138,0],[-76.653429,40.289081,0],[-76.65342,40.288986,0],[-76.653499,40.28893,0],[-76.653634,40.288952,0],[-76.653664,40.28902,0],[-76.65365,40.289095,0],[-76.653586,40.289132,0],[-76.653485,40.289105,0],[-76.653467,40.289022,0],[-76.653521,40.288953,0],[-76.65367,40.288956,0],[-76.653734,40.288992,0],[-76.653767,40.289041,0],[-76.653778,40.289096,0],[-76.653778,40.289188,0],[-76.653744,40.289268,0],[-76.653744,40.289269,0],[-76.653663,40.289301,0],[-76.65358,40.289296,0],[-76.653529,40.28926,0],[-76.653261,40.28903,0]]},"properties":{"coaster":"Trailblazer","park":"Hersheypark","make":"Arrow Dynamics","track":"Steel","rcdb":"https://rcdb.com/107.htm","color":474545,"model":"Mine Train","opened":"5/18/1974","length":"1,600","height":43,"speed":35,"inversions":0,"lat":40.28891099,"long":-76.65320482,"status":"OPERATING"}},{"type":"Feature","geometry":{"type":"LineString","coordinates":[[-77.441392,37.839578,0],[-77.44104,37.839976,0]]},"properties":{"coaster":"Tumbili","park":"Kings Dominion","make":"S&S Worldwide","track":"Steel","rcdb":"https://rcdb.com/18846.htm","length":770,"lat":37.83969306,"color":"0EAB33","opened":"3/12/2022","model":"4D Free Spin","height":112,"speed":34,"inversions":0,"long":-77.44127499,"status":"OPERATING"}},{"type":"Feature","geometry":{"type":"LineString","coordinates":[[-77.445735,37.836341,0],[-77.445523,37.836282,0],[-77.445456,37.836267,0],[-77.445407,37.836212,0],[-77.445398,37.836164,0],[-77.445436,37.836108,0],[-77.445497,37.836098,0],[-77.445631,37.836116,0],[-77.446347,37.836335,0],[-77.446432,37.836374,0],[-77.446447,37.836432,0],[-77.446418,37.836503,0],[-77.446363,37.836529,0],[-77.446263,37.836526,0],[-77.446073,37.836489,0],[-77.445934,37.83648,0],[-77.445656,37.836436,0],[-77.445466,37.836374,0],[-77.445364,37.836321,0],[-77.445324,37.836242,0],[-77.445341,37.836153,0],[-77.445377,37.836087,0],[-77.445473,37.836049,0],[-77.44567,37.836049,0],[-77.445895,37.836079,0],[-77.446198,37.836124,0],[-77.446456,37.836167,0],[-77.446678,37.836207,0],[-77.447198,37.8363,0],[-77.447609,37.836367,0],[-77.447774,37.83642,0],[-77.447937,37.836494,0],[-77.447974,37.836582,0],[-77.447938,37.836667,0],[-77.447899,37.836744,0],[-77.447807,37.836777,0],[-77.447671,37.836777,0],[-77.447531,37.836759,0],[-77.447272,37.83671,0],[-77.447029,37.836646,0],[-77.44681,37.836577,0],[-77.44662,37.836534,0],[-77.44635,37.836467,0],[-77.446187,37.836433,0],[-77.446135,37.836388,0],[-77.446141,37.83632,0],[-77.446171,37.83622,0],[-77.446218,37.836167,0],[-77.446348,37.836179,0],[-77.446655,37.836243,0],[-77.446896,37.836278,0],[-77.44704,37.836337,0],[-77.44715,37.836422,0],[-77.447161,37.836526,0],[-77.44712,37.836582,0],[-77.447118,37.836583,0],[-77.447006,37.836613,0],[-77.446827,37.836608,0],[-77.446641,37.836572,0],[-77.446492,37.836536,0],[-77.446239,37.836469,0],[-77.445996,37.836406,0],[-77.445983,37.836407,0],[-77.445735,37.836341,0]]},"properties":{"coaster":"Twisted Timbers","park":"Kings Dominion","make":"Rocky Mountain Construction","track":"Steel","rcdb":"https://rcdb.com/15028.htm","length":"3,361","inversions":3,"color":"ED5918","opened":"3/24/2018","model":"IBox Track","height":111,"speed":54,"lat":37.83633001,"long":-77.44572882,"status":"OPERATING"}},{"type":"Feature","geometry":{"type":"LineString","coordinates":[[-81.472546,28.471193,0],[-81.472811,28.471271,0],[-81.472855,28.47133,0],[-81.472905,28.471361,0],[-81.472964,28.471341,0],[-81.472998,28.471304,0],[-81.473001,28.471265,0],[-81.472959,28.470719,0],[-81.472943,28.470634,0],[-81.472915,28.470601,0],[-81.47286,28.470603,0],[-81.472859,28.470605,0],[-81.472839,28.470735,0],[-81.472885,28.470984,0],[-81.472887,28.471128,0],[-81.472928,28.47126,0],[-81.472871,28.47119,0],[-81.472766,28.471132,0],[-81.472652,28.471104,0],[-81.472626,28.471047,0],[-81.472635,28.470972,0],[-81.472699,28.470936,0],[-81.472806,28.470931,0],[-81.472932,28.470918,0],[-81.473017,28.470875,0],[-81.473055,28.470796,0],[-81.473026,28.470724,0],[-81.472939,28.470661,0],[-81.472797,28.470675,0],[-81.47273,28.470716,0],[-81.472714,28.470785,0],[-81.472742,28.470838,0],[-81.472805,28.470911,0],[-81.472857,28.470985,0],[-81.472864,28.471044,0],[-81.472818,28.471091,0],[-81.472758,28.471113,0],[-81.472684,28.471084,0],[-81.472657,28.471013,0],[-81.472672,28.470918,0],[-81.472768,28.470804,0],[-81.472806,28.470691,0],[-81.472897,28.470667,0],[-81.472935,28.470721,0],[-81.472997,28.47078,0],[-81.473086,28.470815,0],[-81.473141,28.470859,0],[-81.473156,28.470913,0],[-81.473133,28.47097,0],[-81.473047,28.470998,0],[-81.472156,28.471166,0],[-81.471964,28.471239,0],[-81.472079,28.471429,0],[-81.472119,28.471444,0],[-81.472193,28.471565,0],[-81.472194,28.471728,0],[-81.472231,28.471848,0],[-81.472361,28.471961,0],[-81.472486,28.472064,0],[-81.472604,28.472158,0],[-81.472632,28.472287,0],[-81.472568,28.472416,0],[-81.472451,28.4725,0],[-81.472324,28.472537,0],[-81.472198,28.472483,0],[-81.472075,28.472429,0],[-81.471992,28.472363,0],[-81.471955,28.472293,0],[-81.471926,28.472197,0],[-81.471961,28.4721,0],[-81.47202,28.472044,0],[-81.472111,28.472012,0],[-81.472213,28.472041,0],[-81.472299,28.472101,0],[-81.472395,28.472142,0],[-81.47248,28.472145,0],[-81.472545,28.472179,0],[-81.472586,28.47225,0],[-81.472581,28.472314,0],[-81.472512,28.47242,0],[-81.472399,28.472482,0],[-81.47229,28.472498,0],[-81.472187,28.472462,0],[-81.472114,28.472394,0],[-81.472063,28.472298,0],[-81.472047,28.472177,0],[-81.472024,28.471967,0],[-81.47202,28.471849,0],[-81.471992,28.471764,0],[-81.471908,28.471614,0],[-81.471874,28.471492,0],[-81.471882,28.471398,0],[-81.471945,28.47132,0],[-81.472021,28.471288,0],[-81.472108,28.471284,0],[-81.472176,28.471277,0],[-81.472274,28.471235,0],[-81.472357,28.471101,0],[-81.472518,28.470733,0],[-81.47257,28.470674,0],[-81.472618,28.47068,0],[-81.472664,28.470707,0],[-81.472671,28.470762,0],[-81.472664,28.470808,0],[-81.472525,28.471112,0],[-81.472514,28.471155,0],[-81.472546,28.471193,0]]},"properties":{"coaster":"VelociCoaster","park":"Universal Studios Islands of Adventure","make":"Intamin Amusement Rides","track":"Steel","lat":28.47125101,"color":"706E6E","rcdb":"https://rcdb.com/6992.htm","opened":"6/10/2021","model":"LSM Launch Coaster","length":"4,700","height":155,"speed":70,"inversions":4,"long":"-81.47275810","status":"OPERATING"}},{"type":"Feature","geometry":{"type":"LineString","coordinates":[[-76.645242,37.232401,0],[-76.645458,37.232051,0],[-76.645483,37.231948,0],[-76.645248,37.231917,0],[-76.645058,37.231947,0],[-76.644917,37.23195,0],[-76.64483,37.231888,0],[-76.644864,37.231791,0],[-76.645251,37.231111,0],[-76.645283,37.23106,0],[-76.645362,37.231031,0],[-76.645418,37.231039,0],[-76.645439,37.23109,0],[-76.645386,37.231152,0],[-76.645279,37.231192,0],[-76.645147,37.231232,0],[-76.645097,37.23126,0],[-76.645016,37.231303,0],[-76.644999,37.231402,0],[-76.645106,37.231455,0],[-76.645206,37.231408,0],[-76.645242,37.231333,0],[-76.645137,37.231279,0],[-76.645136,37.231279,0],[-76.645068,37.23129,0],[-76.645017,37.231361,0],[-76.645084,37.231412,0],[-76.64522,37.231387,0],[-76.645424,37.231138,0],[-76.645382,37.231086,0],[-76.645287,37.231022,0],[-76.645211,37.231039,0],[-76.644945,37.231403,0],[-76.644853,37.231511,0],[-76.644651,37.23175,0],[-76.644508,37.231885,0],[-76.644349,37.231902,0],[-76.644219,37.231868,0],[-76.644027,37.231936,0],[-76.643985,37.232034,0],[-76.644068,37.232255,0],[-76.644142,37.232448,0],[-76.644239,37.232525,0],[-76.64437,37.232523,0],[-76.644488,37.232434,0],[-76.644623,37.232297,0],[-76.644732,37.232202,0],[-76.644836,37.232203,0],[-76.644922,37.232274,0],[-76.644913,37.232392,0],[-76.644836,37.232601,0],[-76.644845,37.232711,0],[-76.644912,37.232782,0],[-76.645031,37.23273,0],[-76.645145,37.23254,0],[-76.645242,37.232401,0]]},"properties":{"coaster":"Verbolten","park":"Busch Gardens Williamsburg","make":"Zierer","track":"Steel","color":"807A7A","height":88,"rcdb":"https://rcdb.com/9463.htm","opened":"5/18/2012","model":"ESC","length":"2,835","speed":53,"inversions":0,"lat":37.23221124,"long":-76.64535832,"status":"OPERATING"}},{"type":"Feature","geometry":{"type":"LineString","coordinates":[[-77.440398,37.839217,0],[-77.439423,37.839353,0],[-77.439196,37.839397,0],[-77.439068,37.839447,0],[-77.438954,37.839592,0],[-77.438957,37.839733,0],[-77.439019,37.839841,0],[-77.439082,37.839899,0],[-77.439211,37.83994,0],[-77.439315,37.83995,0],[-77.439436,37.839932,0],[-77.43956,37.839869,0],[-77.43965,37.839816,0],[-77.439913,37.839628,0],[-77.440235,37.839439,0],[-77.44014,37.839459,0],[-77.440075,37.839507,0],[-77.440082,37.839595,0],[-77.440139,37.839678,0],[-77.44025,37.839724,0],[-77.440323,37.839696,0],[-77.440393,37.83963,0],[-77.440408,37.839518,0],[-77.440398,37.839379,0],[-77.44042,37.839245,0],[-77.440405,37.839125,0],[-77.440342,37.83902,0],[-77.440245,37.83898,0],[-77.440125,37.839011,0],[-77.440059,37.83909,0],[-77.440076,37.839186,0],[-77.440095,37.839311,0],[-77.440154,37.839416,0],[-77.440184,37.83953,0],[-77.440165,37.839644,0],[-77.440087,37.839703,0],[-77.440025,37.839707,0],[-77.439949,37.83968,0],[-77.439915,37.839617,0],[-77.439903,37.839557,0],[-77.439907,37.839466,0],[-77.439911,37.839384,0],[-77.439956,37.839279,0],[-77.439987,37.839195,0],[-77.440003,37.839093,0],[-77.440037,37.839038,0],[-77.440095,37.839007,0],[-77.440168,37.838997,0],[-77.44022,37.839014,0],[-77.440258,37.83908,0],[-77.440288,37.839175,0],[-77.4403,37.839283,0],[-77.440335,37.839454,0],[-77.440424,37.83949,0],[-77.44049,37.839484,0],[-77.440517,37.839401,0],[-77.440502,37.839321,0],[-77.440496,37.839259,0],[-77.440462,37.839216,0],[-77.440398,37.839217,0]]},"properties":{"coaster":"Volcano, The Blast Coaster","park":"Kings Dominion","make":"Intamin Amusement Rides","track":"Steel","color":"F5F500","opened":"8/3/1998","length":"2,757","rcdb":"https://rcdb.com/474.htm","model":"Suspended Catapult Coaster","height":155,"speed":70,"inversions":4,"lat":37.83948454,"long":-77.44005565,"status":"DEFUNCT"}},{"type":"Feature","geometry":{"type":"LineString","coordinates":[[-80.941011,35.103783,0],[-80.941592,35.103794,0],[-80.941753,35.103729,0],[-80.942395,35.103495,0],[-80.942488,35.103469,0],[-80.942548,35.103505,0],[-80.942532,35.103584,0],[-80.942451,35.103648,0],[-80.942287,35.103698,0],[-80.942155,35.103703,0],[-80.942309,35.103667,0],[-80.942127,35.103684,0],[-80.942011,35.103713,0],[-80.941931,35.103736,0],[-80.941838,35.103714,0],[-80.941791,35.103658,0],[-80.941811,35.103588,0],[-80.941824,35.103501,0],[-80.941791,35.103401,0],[-80.941722,35.10332,0],[-80.941624,35.103309,0],[-80.941572,35.103341,0],[-80.941537,35.103407,0],[-80.941621,35.103488,0],[-80.94171,35.103475,0],[-80.941773,35.103431,0],[-80.941768,35.103335,0],[-80.941694,35.103293,0],[-80.941596,35.103322,0],[-80.941519,35.103392,0],[-80.941433,35.103472,0],[-80.94136,35.103562,0],[-80.94132,35.103609,0],[-80.941259,35.103555,0],[-80.941168,35.103546,0],[-80.941104,35.103579,0],[-80.941048,35.103651,0],[-80.940982,35.103722,0],[-80.94091,35.103726,0],[-80.940855,35.103667,0],[-80.940863,35.103602,0],[-80.94097,35.103584,0],[-80.941041,35.103616,0],[-80.941156,35.103647,0],[-80.941226,35.1036,0],[-80.941239,35.103507,0],[-80.941172,35.103457,0],[-80.941061,35.103465,0],[-80.940947,35.103525,0],[-80.940827,35.103636,0],[-80.94082,35.103724,0],[-80.940821,35.103725,0],[-80.940938,35.103771,0],[-80.941011,35.103783,0]]},"properties":{"coaster":"Vortex","park":"Carowinds","make":"Bolliger & Mabillard","track":"Steel","status":"OPERATING","long":-80.94171485,"color":"FF4D4D","opened":"3/14/1992","rcdb":"https://rcdb.com/86.htm","model":"Stand-Up Coaster","length":"2,040","height":90,"speed":50,"inversions":2,"lat":35.10375626}},{"type":"Feature","geometry":{"type":"LineString","coordinates":[[-111.895599,40.983587,0],[-111.895597,40.984168,0],[-111.895604,40.984215,0],[-111.895666,40.98423,0],[-111.895722,40.984194,0],[-111.895732,40.984167,0],[-111.895742,40.983392,0],[-111.895741,40.983319,0],[-111.895721,40.983246,0],[-111.895681,40.983216,0],[-111.895611,40.983211,0],[-111.895509,40.983218,0],[-111.895466,40.983248,0],[-111.895448,40.983365,0],[-111.895448,40.983366,0],[-111.895445,40.983488,0],[-111.895438,40.983858,0],[-111.895439,40.984004,0],[-111.895472,40.984075,0],[-111.895528,40.984099,0],[-111.895622,40.984113,0],[-111.895683,40.984079,0],[-111.895689,40.983962,0],[-111.895676,40.983668,0],[-111.895679,40.98357,0],[-111.89566,40.983524,0],[-111.895589,40.983506,0],[-111.895534,40.983534,0],[-111.895533,40.983536,0],[-111.895534,40.983606,0],[-111.895535,40.98368,0],[-111.895507,40.983732,0],[-111.895464,40.983737,0],[-111.895402,40.983711,0],[-111.895392,40.983624,0],[-111.895405,40.983564,0],[-111.895482,40.983483,0],[-111.895509,40.983414,0],[-111.895548,40.983355,0],[-111.895613,40.983341,0],[-111.895666,40.983391,0],[-111.895649,40.983454,0],[-111.895645,40.983456,0],[-111.895601,40.983535,0],[-111.895599,40.983587,0]]},"properties":{"coaster":"Wicked","park":"Lagoon","make":"Zierer","track":"Steel","opened":"6/1/2007","color":"3DBA23","rcdb":"https://rcdb.com/3534.htm","model":"Tower","length":"2,051","height":110,"speed":55,"inversions":1,"lat":40.98404047,"long":-111.89560671,"status":"OPERATING"}},{"type":"Feature","geometry":{"type":"LineString","coordinates":[[-83.52986,35.79402,0],[-83.529591,35.794056,0],[-83.529526,35.794108,0],[-83.529526,35.794119,0],[-83.529532,35.794172,0],[-83.530616,35.795085,0],[-83.530441,35.795003,0],[-83.530607,35.795139,0],[-83.530759,35.795178,0],[-83.531622,35.795267,0],[-83.531914,35.795328,0],[-83.531729,35.795326,0],[-83.531336,35.795062,0],[-83.531236,35.795011,0],[-83.531062,35.795078,0],[-83.530963,35.79511,0],[-83.530843,35.795105,0],[-83.530657,35.795006,0],[-83.530468,35.794859,0],[-83.530202,35.794657,0],[-83.530038,35.794568,0],[-83.529916,35.794599,0],[-83.529872,35.794671,0],[-83.529949,35.794738,0],[-83.530125,35.794769,0],[-83.530418,35.794694,0],[-83.530606,35.794663,0],[-83.530738,35.794749,0],[-83.530702,35.794841,0],[-83.530698,35.794845,0],[-83.530591,35.794871,0],[-83.530479,35.794788,0],[-83.530411,35.794164,0],[-83.530378,35.794096,0],[-83.530284,35.794051,0],[-83.52986,35.79402,0]]},"properties":{"coaster":"Wild Eagle","park":"Dollywood","make":"Bolliger & Mabillard","track":"Steel","inversions":4,"long":-83.52961636,"color":"237EBA","rcdb":"https://rcdb.com/10148.htm","opened":"3/24/2012","model":"Wing Coaster","length":"3,127","height":135,"speed":61,"lat":35.79401725,"status":"OPERATING"}},{"type":"Feature","geometry":{"type":"LineString","coordinates":[[-76.654846,40.29273,0],[-76.654981,40.292664,0],[-76.654732,40.292383,0],[-76.654577,40.292452,0],[-76.654565,40.292485,0],[-76.654603,40.292491,0],[-76.654696,40.292448,0],[-76.654742,40.292449,0],[-76.654739,40.292493,0],[-76.654638,40.292538,0],[-76.654628,40.292566,0],[-76.654672,40.292568,0],[-76.654758,40.292528,0],[-76.654825,40.292525,0],[-76.6548,40.292562,0],[-76.654703,40.292606,0],[-76.654695,40.292637,0],[-76.65474,40.292646,0],[-76.654834,40.292597,0],[-76.654901,40.292593,0],[-76.654879,40.292636,0],[-76.654788,40.292674,0],[-76.654771,40.292711,0],[-76.654807,40.292745,0],[-76.654881,40.292752,0],[-76.654919,40.292711,0],[-76.654912,40.292668,0],[-76.654701,40.292422,0],[-76.654599,40.292461,0],[-76.654809,40.292725,0],[-76.65481,40.292727,0],[-76.654938,40.292664,0],[-76.654725,40.292414,0],[-76.654599,40.292474,0],[-76.654822,40.292741,0],[-76.654846,40.29273,0]]},"properties":{"coaster":"Wild Mouse","park":"Hersheypark","make":"Mack Rides","track":"Steel","color":"1A43AB","rcdb":"https://rcdb.com/539.htm","opened":"5/8/1999","model":"Wilde Maus","length":"1,214","height":46,"speed":28,"inversions":0,"lat":40.29268738,"long":-76.65496691,"status":"OPERATING"}},{"type":"Feature","geometry":{"type":"LineString","coordinates":[[-111.89422,40.983933,0],[-111.894204,40.983857,0],[-111.894646,40.983831,0],[-111.894674,40.983952,0],[-111.894633,40.983977,0],[-111.89461,40.983958,0],[-111.89459,40.983868,0],[-111.894566,40.983852,0],[-111.894535,40.983872,0],[-111.894553,40.983957,0],[-111.894526,40.983977,0],[-111.894496,40.983968,0],[-111.894475,40.983872,0],[-111.894445,40.983846,0],[-111.894418,40.98387,0],[-111.894431,40.983958,0],[-111.894404,40.983982,0],[-111.894368,40.98397,0],[-111.894363,40.983876,0],[-111.894329,40.983854,0],[-111.894303,40.983875,0],[-111.894308,40.983963,0],[-111.894289,40.983989,0],[-111.89424,40.983978,0],[-111.89422,40.98394,0],[-111.894237,40.983897,0],[-111.894653,40.983867,0],[-111.894651,40.983946,0],[-111.894237,40.983949,0],[-111.894227,40.983867,0],[-111.894649,40.983846,0],[-111.894637,40.983935,0],[-111.894229,40.983969,0],[-111.89422,40.983933,0]]},"properties":{"coaster":"Wild Mouse","park":"Lagoon","make":"Maurer Rides","track":"Steel","long":-111.89420065,"color":"1EAB1A","height":49,"rcdb":"https://rcdb.com/507.htm","opened":"4/10/1998","model":"Wild Maus","length":"1,214","speed":28,"inversions":0,"lat":40.98392672,"status":"OPERATING"}},{"type":"Feature","geometry":{"type":"LineString","coordinates":[[-76.655491,40.292608,0],[-76.655627,40.292289,0],[-76.655663,40.292262,0],[-76.655706,40.292236,0],[-76.655734,40.292245,0],[-76.65625,40.292786,0],[-76.656456,40.293,0],[-76.656534,40.293114,0],[-76.656488,40.293183,0],[-76.656407,40.293215,0],[-76.656274,40.293155,0],[-76.656203,40.293074,0],[-76.656178,40.292991,0],[-76.656174,40.292892,0],[-76.656165,40.292818,0],[-76.656085,40.292752,0],[-76.655964,40.292731,0],[-76.655874,40.292815,0],[-76.655915,40.292921,0],[-76.655996,40.292962,0],[-76.65611,40.292959,0],[-76.656312,40.292968,0],[-76.656405,40.29294,0],[-76.656467,40.292834,0],[-76.656462,40.29275,0],[-76.656325,40.292651,0],[-76.65618,40.292557,0],[-76.655989,40.292424,0],[-76.655866,40.292329,0],[-76.655781,40.292237,0],[-76.655762,40.29217,0],[-76.655777,40.292093,0],[-76.655895,40.292041,0],[-76.656011,40.292033,0],[-76.656106,40.292138,0],[-76.656072,40.292242,0],[-76.655989,40.292298,0],[-76.655848,40.292364,0],[-76.655759,40.292427,0],[-76.655707,40.292527,0],[-76.655749,40.292626,0],[-76.655862,40.29268,0],[-76.655969,40.29268,0],[-76.656055,40.292646,0],[-76.656163,40.292577,0],[-76.656231,40.292502,0],[-76.656197,40.292347,0],[-76.656177,40.292194,0],[-76.656126,40.292083,0],[-76.656024,40.292004,0],[-76.655873,40.291989,0],[-76.65576,40.292047,0],[-76.655568,40.292146,0],[-76.655446,40.292212,0],[-76.655333,40.292267,0],[-76.655205,40.292239,0],[-76.655141,40.292183,0],[-76.655103,40.292067,0],[-76.65518,40.291971,0],[-76.655289,40.291935,0],[-76.655425,40.29197,0],[-76.655557,40.29208,0],[-76.655864,40.29241,0],[-76.655921,40.292499,0],[-76.655846,40.292565,0],[-76.655599,40.292703,0],[-76.655519,40.292689,0],[-76.655488,40.292663,0],[-76.655491,40.292608,0]]},"properties":{"coaster":"Wildcat","park":"Hersheypark","make":"Great Coasters International ","track":"Wood","opened":"5/26/1996","color":"5E3F2D","rcdb":"https://rcdb.com/100.htm","model":"Wooden Coaster","length":"3,183","height":106,"speed":50,"inversions":0,"lat":40.29237702,"long":-76.65561125,"status":"DEFUNCT"}},{"type":"Feature","geometry":{"type":"LineString","coordinates":[[-81.843764,36.131934,0],[-81.84355,36.132,0],[-81.843465,36.131996,0],[-81.843558,36.130185,0],[-81.84353,36.130148,0],[-81.843487,36.130157,0],[-81.843196,36.13025,0],[-81.843125,36.130255,0],[-81.843058,36.130294,0],[-81.843046,36.130367,0],[-81.843075,36.13043,0],[-81.843158,36.130444,0],[-81.843221,36.130398,0],[-81.843191,36.130284,0],[-81.843082,36.130267,0],[-81.843036,36.130337,0],[-81.843097,36.130434,0],[-81.843218,36.130497,0],[-81.843325,36.130529,0],[-81.843422,36.13057,0],[-81.843454,36.130648,0],[-81.843399,36.130703,0],[-81.843297,36.130713,0],[-81.843063,36.130619,0],[-81.842917,36.130583,0],[-81.84284,36.130623,0],[-81.842861,36.130691,0],[-81.842935,36.130746,0],[-81.843053,36.130774,0],[-81.84312,36.130764,0],[-81.843197,36.130775,0],[-81.843262,36.130803,0],[-81.843376,36.13082,0],[-81.843416,36.130875,0],[-81.843448,36.130948,0],[-81.843466,36.131067,0],[-81.843463,36.131127,0],[-81.843461,36.131199,0],[-81.843431,36.131272,0],[-81.843377,36.131296,0],[-81.843296,36.131298,0],[-81.843212,36.13129,0],[-81.843169,36.131253,0],[-81.843154,36.131232,0],[-81.843156,36.131184,0],[-81.843214,36.131135,0],[-81.843324,36.131122,0],[-81.843403,36.131122,0],[-81.84352,36.131129,0],[-81.843608,36.131142,0],[-81.843689,36.131182,0],[-81.843756,36.13126,0],[-81.843767,36.131344,0],[-81.843765,36.131419,0],[-81.843707,36.131482,0],[-81.843638,36.13149,0],[-81.843586,36.131442,0],[-81.843553,36.131384,0],[-81.843546,36.131326,0],[-81.843594,36.13129,0],[-81.843695,36.131302,0],[-81.843745,36.131319,0],[-81.84381,36.131458,0],[-81.8438,36.131535,0],[-81.843846,36.131736,0],[-81.843884,36.131822,0],[-81.84387,36.131899,0],[-81.843764,36.131934,0]]},"properties":{"coaster":"Wilderness Run Alpine Coaster","park":"Wilderness Run Alpine Coaster","make":"Wiegand","track":"Steel","color":"8B8C89","rcdb":"https://rcdb.com/17259.htm","opened":"5/22/2020","model":"Alpine Coaster","length":"2,930","height":"2,160","speed":27,"inversions":0,"lat":36.13204515,"long":-81.84312299,"status":"OPERATING"}},{"type":"Feature","geometry":{"type":"LineString","coordinates":[[-80.939648,35.100955,0],[-80.939141,35.101496,0],[-80.939072,35.101532,0],[-80.939002,35.101506,0],[-80.938992,35.101442,0],[-80.939042,35.101384,0],[-80.939709,35.100863,0],[-80.939741,35.10082,0],[-80.939713,35.100764,0],[-80.939615,35.100767,0],[-80.939567,35.100823,0],[-80.939297,35.101286,0],[-80.939252,35.101322,0],[-80.939182,35.101315,0],[-80.939145,35.10127,0],[-80.939165,35.101218,0],[-80.939585,35.100793,0],[-80.939659,35.100743,0],[-80.939736,35.100785,0],[-80.939736,35.100844,0],[-80.939648,35.100955,0]]},"properties":{"coaster":"Woodstock Express","park":"Carowinds","make":"Philadelphia Toboggan Coasters","track":"Wood","color":"A67ECF","rcdb":"https://rcdb.com/82.htm","opened":"3/31/1973","model":"Family Wooden Coaster","length":"1,356","height":40,"speed":36,"inversions":0,"lat":35.10148308,"long":-80.93917421,"status":"OPERATING"}},{"type":"Feature","geometry":{"type":"LineString","coordinates":[[-77.44196,37.840487,0],[-77.442883,37.840383,0],[-77.442985,37.840402,0],[-77.442995,37.84047,0],[-77.442927,37.840519,0],[-77.442716,37.840518,0],[-77.441906,37.8405,0],[-77.441841,37.840527,0],[-77.441836,37.840585,0],[-77.441885,37.840625,0],[-77.442027,37.840597,0],[-77.442555,37.84046,0],[-77.442629,37.840442,0],[-77.442707,37.84049,0],[-77.442671,37.840553,0],[-77.442505,37.840579,0],[-77.441863,37.840625,0],[-77.44182,37.840557,0],[-77.441841,37.840497,0],[-77.44196,37.840487,0]]},"properties":{"coaster":"Woodstock Express","park":"Kings Dominion","make":"Philadelphia Toboggan Coasters","track":"Wood","color":"7EA7CF","opened":"7/1/1974","rcdb":"https://rcdb.com/89.htm","model":"Family Wooden Coaster","length":"1,385","height":35,"speed":35,"inversions":0,"lat":37.84039942,"long":-77.44287901,"status":"OPERATING"}},{"type":"Feature","geometry":{"type":"LineString","coordinates":[[-80.938779,35.100994,0],[-80.938688,35.101097,0],[-80.938629,35.101174,0],[-80.938632,35.101205,0],[-80.938662,35.101226,0],[-80.938694,35.101234,0],[-80.938753,35.101209,0],[-80.93892,35.101026,0],[-80.938914,35.100998,0],[-80.938879,35.100979,0],[-80.938878,35.100976,0],[-80.938838,35.100979,0],[-80.938837,35.10098,0],[-80.938807,35.101022,0],[-80.938843,35.101057,0],[-80.93891,35.101063,0],[-80.938948,35.101017,0],[-80.938952,35.100978,0],[-80.938926,35.100963,0],[-80.938897,35.100942,0],[-80.938858,35.100945,0],[-80.938798,35.100974,0],[-80.938779,35.100994,0]]},"properties":{"coaster":"Wilderness Run","park":"Carowinds","make":"E&F Miler Industries","track":"Steel","rcdb":"https://rcdb.com/498.htm","opened":"3/6/1998","inversions":0,"color":"6E8A54","model":"Family Coaster","length":416,"height":16,"speed":15,"lat":35.10104843,"long":-80.93871469,"status":"OPERATING"}},{"type":"Feature","geometry":{"type":"LineString","coordinates":[[-80.9393,35.101855],[-80.939298,35.102168],[-80.9393,35.102209],[-80.93927,35.102238],[-80.939222,35.102245],[-80.939172,35.10223],[-80.939157,35.102177],[-80.939184,35.101993],[-80.939151,35.101943],[-80.939116,35.101922],[-80.939076,35.101922],[-80.939035,35.101953],[-80.938991,35.101983],[-80.938936,35.102],[-80.938845,35.102005],[-80.938781,35.102024],[-80.938784,35.102056],[-80.9388,35.102085],[-80.93914,35.101996],[-80.939198,35.101942],[-80.939202,35.101857],[-80.939218,35.101825],[-80.939263,35.101798],[-80.939341,35.101793],[-80.939392,35.101746],[-80.939388,35.101708],[-80.93933,35.101697],[-80.939287,35.101718],[-80.939276,35.101764],[-80.9393,35.101854]]},"properties":{"coaster":"Snoopy's Racing Railway","park":"Carowinds","make":"ART Engineering","track":"Steel","color":"73736F","rcdb":"https://rcdb.com/22011.htm","opened":"5/24/2025","model":"Family Launch Coaster","lat":35.10197821,"long":-80.939322816,"status":"OPERATING","inversions":0,"length":804,"height":30,"speed":31}},{"type":"Feature","geometry":{"type":"LineString","coordinates":[[-82.682449,41.479765],[-82.682794,41.479906],[-82.682846,41.479904],[-82.682928,41.479883],[-82.682958,41.479831],[-82.682896,41.479749],[-82.681994,41.478951],[-82.681359,41.478454],[-82.680531,41.477895],[-82.680268,41.477696],[-82.680176,41.477593],[-82.680104,41.477533],[-82.680008,41.47753],[-82.679934,41.477565],[-82.679924,41.477629],[-82.679946,41.47769],[-82.680393,41.477841],[-82.681174,41.478365],[-82.681614,41.478677],[-82.681901,41.478906],[-82.681985,41.479],[-82.682392,41.479718],[-82.682452,41.479766]]},"properties":{"coaster":"Blue Streak","park":"Cedar Point","make":"Philadelphia Toboggan Coasters","track":"Wood","rcdb":"https://rcdb.com/12.htm","color":"739ad1","opened":"5/23/1964","model":"Wooden Coaster","length":"2,558","height":78,"speed":40,"inversions":0,"lat":"","status":"OPERATING"}},{"type":"Feature","geometry":{"type":"LineString","coordinates":[[-82.690227,41.484566],[-82.690468,41.484303],[-82.690484,41.484261],[-82.690455,41.484217],[-82.690392,41.484184],[-82.690327,41.484207],[-82.690298,41.484244],[-82.68988,41.484909],[-82.689861,41.484982],[-82.689917,41.485053],[-82.690018,41.485093],[-82.690142,41.485071],[-82.690255,41.485011],[-82.690277,41.484967],[-82.690261,41.484899],[-82.690185,41.484862],[-82.690111,41.484892],[-82.690027,41.484969],[-82.689915,41.485121],[-82.689911,41.485168],[-82.689933,41.485217],[-82.690182,41.485562],[-82.69025,41.485617],[-82.690344,41.485642],[-82.690429,41.485617],[-82.690458,41.485569],[-82.690442,41.485512],[-82.690368,41.485494],[-82.690299,41.485515],[-82.690267,41.485551],[-82.690263,41.485743],[-82.690316,41.485785],[-82.690383,41.485784],[-82.690444,41.485759],[-82.690593,41.485284],[-82.690611,41.485225],[-82.690564,41.485172],[-82.690481,41.485198],[-82.690395,41.485242],[-82.690333,41.48526],[-82.690275,41.485241],[-82.690246,41.485181],[-82.690413,41.484914],[-82.690476,41.484875],[-82.690563,41.484881],[-82.690793,41.485153],[-82.690867,41.48519],[-82.690967,41.485163],[-82.690994,41.485094],[-82.690931,41.485038],[-82.690828,41.485037],[-82.6908,41.485094],[-82.690825,41.485158],[-82.690906,41.485172],[-82.690987,41.485143],[-82.691019,41.485097],[-82.690982,41.485034],[-82.690517,41.484796],[-82.69021,41.484654],[-82.690192,41.484635],[-82.690205,41.484597],[-82.690225,41.484567]]},"properties":{"coaster":"Cedar Creek Mine Ride","park":"Cedar Point","make":"Arrow Dynamics","track":"Steel","color":292929,"rcdb":"https://rcdb.com/18.htm#p=6511","opened":"5/24/1969","model":"Mine Train","height":48,"length":"2,540","speed":42,"inversions":0,"status":"OPERATING","long":""}},{"type":"Feature","geometry":{"type":"LineString","coordinates":[[-82.685242,41.483566],[-82.685427,41.483683],[-82.685485,41.483729],[-82.685517,41.48379],[-82.685517,41.483854],[-82.685479,41.483893],[-82.685407,41.483919],[-82.685317,41.483927],[-82.685221,41.483904],[-82.685126,41.483824],[-82.68439,41.483174],[-82.68387,41.482709],[-82.684008,41.482863],[-82.68381,41.482692],[-82.683424,41.482371],[-82.683354,41.482307],[-82.683331,41.482212],[-82.683358,41.482144],[-82.683444,41.482098],[-82.68356,41.482084],[-82.683621,41.482101],[-82.683665,41.482143],[-82.683656,41.482201],[-82.68367,41.482263],[-82.683728,41.482286],[-82.683824,41.482289],[-82.683875,41.482319],[-82.683877,41.482402],[-82.683893,41.482456],[-82.683984,41.482475],[-82.684065,41.482484],[-82.684118,41.482535],[-82.684141,41.48263],[-82.684135,41.482862],[-82.684191,41.482928],[-82.685241,41.483565]]},"properties":{"coaster":"Corkscrew","park":"Cedar Point","make":"Arrow Dynamics","track":"Steel","rcdb":"https://rcdb.com/13.htm","color":"291e8f","opened":"5/15/1976","model":"Custom Looping Coaster","length":"2,050","height":85,"speed":48,"inversions":3,"status":"OPERATING"}},{"type":"Feature","geometry":{"type":"LineString","coordinates":[[-82.678381,41.480279],[-82.679074,41.480992],[-82.679103,41.481052],[-82.679065,41.481087],[-82.678985,41.481118],[-82.678904,41.481104],[-82.678292,41.480339],[-82.678446,41.480664],[-82.678231,41.480328],[-82.678128,41.480191],[-82.678097,41.480026],[-82.6782,41.479763],[-82.678365,41.47956],[-82.678524,41.479316],[-82.678559,41.479159],[-82.678485,41.479041],[-82.678371,41.478944],[-82.67832,41.478858],[-82.678364,41.478771],[-82.678516,41.478642],[-82.678711,41.478503],[-82.678866,41.478388],[-82.679185,41.478214],[-82.679427,41.478088],[-82.679566,41.47798],[-82.679575,41.477867],[-82.679575,41.477752],[-82.679515,41.477891],[-82.679441,41.478013],[-82.679287,41.478196],[-82.679071,41.47835],[-82.678803,41.478479],[-82.678635,41.478633],[-82.678488,41.478799],[-82.678351,41.479257],[-82.678314,41.479486],[-82.678299,41.479667],[-82.678359,41.479783],[-82.678504,41.479832],[-82.678635,41.479751],[-82.678614,41.479673],[-82.678486,41.479641],[-82.678416,41.479699],[-82.678337,41.479795],[-82.678259,41.479938],[-82.678193,41.480094],[-82.678252,41.480168],[-82.67838,41.480276]]},"properties":{"coaster":"GateKeeper","park":"Cedar Point","make":"Bolliger & Mabillard","track":"Steel","color":"027ed1","rcdb":"https://rcdb.com/10891.htm","opened":"5/11/2013","model":"Wing Coaster","length":"4,164","height":170,"speed":67,"inversions":6,"status":"OPERATING","lat":""}},{"type":"Feature","geometry":{"type":"LineString","coordinates":[[-82.689492,41.486316],[-82.689722,41.486328],[-82.689867,41.486345],[-82.689917,41.486384],[-82.689924,41.486444],[-82.689905,41.486507],[-82.689655,41.486798],[-82.689611,41.486834],[-82.689545,41.486837],[-82.689473,41.486813],[-82.687211,41.485846],[-82.687107,41.485815],[-82.687001,41.485811],[-82.686899,41.485854],[-82.686859,41.485938],[-82.686862,41.486016],[-82.68691,41.486071],[-82.687005,41.48611],[-82.689096,41.486074],[-82.689204,41.486084],[-82.689321,41.486151],[-82.689388,41.48625],[-82.689398,41.486339],[-82.689373,41.486419],[-82.689332,41.486488],[-82.689204,41.486544],[-82.68909,41.486555],[-82.689003,41.486552],[-82.688901,41.486524],[-82.687203,41.485784],[-82.687066,41.485764],[-82.686958,41.485782],[-82.686869,41.48582],[-82.686818,41.485876],[-82.686794,41.485961],[-82.686827,41.486051],[-82.686906,41.486115],[-82.686989,41.486145],[-82.689038,41.486302],[-82.689129,41.486298],[-82.689199,41.486254],[-82.689216,41.486186],[-82.689178,41.486124],[-82.689106,41.486116],[-82.689018,41.486145],[-82.688997,41.4862],[-82.689048,41.486267],[-82.689141,41.486308],[-82.689491,41.486316],[-82.689486,41.486374],[-82.689806,41.486403],[-82.68987,41.486443],[-82.689866,41.486509],[-82.68963,41.486779],[-82.689586,41.486803],[-82.689542,41.486801],[-82.689458,41.486772],[-82.68719,41.485816],[-82.687117,41.4858],[-82.687024,41.485798],[-82.686952,41.485808],[-82.686882,41.485843],[-82.686837,41.485931],[-82.686843,41.486011],[-82.686888,41.486077],[-82.686994,41.48612],[-82.689049,41.486094],[-82.68919,41.486103],[-82.6893,41.486165],[-82.68935,41.486248],[-82.689369,41.486339],[-82.689344,41.486414],[-82.6893,41.486476],[-82.689208,41.486519],[-82.689081,41.486535],[-82.688974,41.486521],[-82.687218,41.48576],[-82.687096,41.485737],[-82.68697,41.485751],[-82.686877,41.485782],[-82.686813,41.48583],[-82.68677,41.485943],[-82.686788,41.48605],[-82.686868,41.486125],[-82.686985,41.486172],[-82.689036,41.486326],[-82.689125,41.486347],[-82.689181,41.486395],[-82.689192,41.48645],[-82.689165,41.486504],[-82.689099,41.486516],[-82.689024,41.486507],[-82.688976,41.486465],[-82.688966,41.486409],[-82.68902,41.486358],[-82.689138,41.486336],[-82.689487,41.486374]]},"properties":{"coaster":"Gemini","park":"Cedar Point","make":"Arrow Dynamics","track":"Steel","color":292220,"rcdb":"https://rcdb.com/14.htm","opened":"6/17/1978","model":"Special Coaster Systems","length":"3,935","height":125,"speed":60,"inversions":0,"status":"OPERATING"}},{"type":"Feature","geometry":{"type":"LineString","coordinates":[[-82.68464,41.48209],[-82.685329,41.482133],[-82.685369,41.482162],[-82.685902,41.482741],[-82.686185,41.483011],[-82.686266,41.483059],[-82.68635,41.48307],[-82.686434,41.48303],[-82.68646,41.482966],[-82.686447,41.482925],[-82.68637,41.482866],[-82.686235,41.482819],[-82.686174,41.482781],[-82.686158,41.48272],[-82.686209,41.48266],[-82.686304,41.482647],[-82.686386,41.482689],[-82.686456,41.482757],[-82.686521,41.482809],[-82.686646,41.482867],[-82.686748,41.482919],[-82.68685,41.483013],[-82.686883,41.483115],[-82.686857,41.483208],[-82.686793,41.483284],[-82.686695,41.483338],[-82.686571,41.483373],[-82.686436,41.483387],[-82.686302,41.48339],[-82.686193,41.483416],[-82.686159,41.483449],[-82.686142,41.483498],[-82.686164,41.483558],[-82.686217,41.483587],[-82.686338,41.483591],[-82.686415,41.483541],[-82.686453,41.483488],[-82.686453,41.483432],[-82.686427,41.483356],[-82.686276,41.48319],[-82.685767,41.482679],[-82.685704,41.482628],[-82.685646,41.482609],[-82.68549,41.482577],[-82.685451,41.482568],[-82.685376,41.482523],[-82.685286,41.482458],[-82.685195,41.482424],[-82.685129,41.48242],[-82.685058,41.482424],[-82.684857,41.482483],[-82.684797,41.482493],[-82.684727,41.482484],[-82.684644,41.482453],[-82.684531,41.482395],[-82.684496,41.482388],[-82.684449,41.482376],[-82.684339,41.482345],[-82.684282,41.482319],[-82.684231,41.482266],[-82.684226,41.482206],[-82.684256,41.482165],[-82.684317,41.482145],[-82.684411,41.482163],[-82.68447,41.482218],[-82.68449,41.482285],[-82.684472,41.482341],[-82.684439,41.482385],[-82.684371,41.482408],[-82.684281,41.482399],[-82.684221,41.482349],[-82.684225,41.48229],[-82.684262,41.48225],[-82.684337,41.48221],[-82.684465,41.482171],[-82.684576,41.482099],[-82.684625,41.482088],[-82.684644,41.48209]]},"properties":{"coaster":"Iron Dragon","park":"Cedar Point","make":"Arrow Dynamics","track":"Steel","color":"ff0000","rcdb":"https://rcdb.com/17.htm","opened":"6/11/1987","model":"Suspended Coaster","length":"2,800","height":76,"speed":40,"inversions":0,"status":"OPERATING"}},{"type":"Feature","geometry":{"type":"LineString","coordinates":[[-82.685974,41.48536],[-82.686574,41.48563],[-82.686604,41.485661],[-82.686601,41.485708],[-82.686565,41.485778],[-82.685681,41.487519],[-82.685164,41.488422],[-82.685154,41.488643],[-82.685222,41.48882],[-82.686102,41.489841],[-82.686344,41.490114],[-82.686465,41.490213],[-82.686626,41.490234],[-82.686743,41.490167],[-82.68674,41.490073],[-82.686651,41.489997],[-82.686539,41.489973],[-82.686451,41.489978],[-82.686314,41.490004],[-82.686181,41.490063],[-82.686092,41.490143],[-82.686036,41.490236],[-82.686032,41.490321],[-82.686114,41.490396],[-82.68624,41.490405],[-82.686344,41.49035],[-82.686389,41.490267],[-82.686363,41.490183],[-82.685198,41.488858],[-82.685119,41.48875],[-82.685088,41.488653],[-82.685065,41.488523],[-82.685148,41.488315],[-82.68555,41.487698],[-82.685799,41.487201],[-82.686478,41.485861],[-82.686509,41.485789],[-82.686511,41.48571],[-82.686461,41.485631],[-82.686394,41.485577],[-82.686309,41.485546],[-82.686225,41.485542],[-82.686144,41.485555],[-82.68585,41.485693],[-82.685775,41.485722],[-82.685699,41.485727],[-82.685623,41.48569],[-82.685603,41.485623],[-82.685676,41.485531],[-82.685816,41.485382],[-82.685863,41.485355],[-82.68593,41.485344],[-82.685976,41.485361]]},"properties":{"coaster":"Magnum XL-200","park":"Cedar Point","make":"Arrow Dynamics","track":"Steel","color":"eb0514","rcdb":"https://rcdb.com/11.htm","opened":"5/6/1989","model":"Hyper Coaster","length":"5,106","height":205,"speed":72,"inversions":0,"status":"OPERATING"}},{"type":"Feature","geometry":{"type":"LineString","coordinates":[[-82.692413,41.485582],[-82.692988,41.484271],[-82.693044,41.484186],[-82.69312,41.484124],[-82.693226,41.484103],[-82.693355,41.484116],[-82.693435,41.484172],[-82.693476,41.484247],[-82.693478,41.484341],[-82.693422,41.484408],[-82.693335,41.484461],[-82.693203,41.484503],[-82.693115,41.484569],[-82.693088,41.48464],[-82.693105,41.484718],[-82.69318,41.484773],[-82.693295,41.48481],[-82.693399,41.484831],[-82.693477,41.484869],[-82.693538,41.484928],[-82.693566,41.484999],[-82.693565,41.485064],[-82.693521,41.48515],[-82.693322,41.485576],[-82.693289,41.485656],[-82.69325,41.485716],[-82.693182,41.485759],[-82.693093,41.485776],[-82.693034,41.485761],[-82.692948,41.485723],[-82.692916,41.48567],[-82.692912,41.485615],[-82.692948,41.485543],[-82.692999,41.485503],[-82.693076,41.485467],[-82.693129,41.48536],[-82.693118,41.485275],[-82.693037,41.485219],[-82.692972,41.485207],[-82.692909,41.485213],[-82.692847,41.485238],[-82.692802,41.485288],[-82.692775,41.485341],[-82.692771,41.485416],[-82.692787,41.485495],[-82.692762,41.485567],[-82.692695,41.485626],[-82.692606,41.48565],[-82.692523,41.485636],[-82.692451,41.485583],[-82.692435,41.48553],[-82.692988,41.484271],[-82.692988,41.484192],[-82.692955,41.48413],[-82.692896,41.484071],[-82.692815,41.484034],[-82.692712,41.484015],[-82.692573,41.484053],[-82.692157,41.484168],[-82.692023,41.484207],[-82.691929,41.484212],[-82.691846,41.484193],[-82.691777,41.484149],[-82.691739,41.484092],[-82.691736,41.484023],[-82.691754,41.483966],[-82.691812,41.483914],[-82.691894,41.483888],[-82.69198,41.483878],[-82.692091,41.483908],[-82.692173,41.483957],[-82.692265,41.484031],[-82.692384,41.484119],[-82.69248,41.484161],[-82.692612,41.484202],[-82.692801,41.484238],[-82.692928,41.484238],[-82.693093,41.484261],[-82.693266,41.48432],[-82.693351,41.484362],[-82.6934,41.48441],[-82.693423,41.484481],[-82.693392,41.484562],[-82.693315,41.484624],[-82.693222,41.484674],[-82.693136,41.484779],[-82.693143,41.484881],[-82.693185,41.485024],[-82.693296,41.485207],[-82.693355,41.485354],[-82.693349,41.485453],[-82.693292,41.485515],[-82.693196,41.485558],[-82.693013,41.485602],[-82.692592,41.485721],[-82.692533,41.485727],[-82.692471,41.485713],[-82.69242,41.485673],[-82.692402,41.485622],[-82.692414,41.485582]]},"properties":{"coaster":"Maverick","park":"Cedar Point","make":"Intamin Amusement Rides","track":"Steel","color":"bd2408","rcdb":"https://rcdb.com/3570.htm","opened":"5/26/2007","model":"LSM Launch Coaster","length":"4,450","height":105,"speed":70,"inversions":2,"status":"OPERATING"}},{"type":"Feature","geometry":{"type":"LineString","coordinates":[[-82.687405,41.481449],[-82.690426,41.482196],[-82.690759,41.482283],[-82.690931,41.482393],[-82.69102,41.482525],[-82.691001,41.482678],[-82.690921,41.482777],[-82.690819,41.482821],[-82.690669,41.482845],[-82.690537,41.482825],[-82.690415,41.482769],[-82.690294,41.482676],[-82.690157,41.482539],[-82.690003,41.482338],[-82.689813,41.48218],[-82.689596,41.482089],[-82.68937,41.482062],[-82.689165,41.482096],[-82.688958,41.482187],[-82.688824,41.482309],[-82.688764,41.482401],[-82.68869,41.48261],[-82.68866,41.482803],[-82.688523,41.483633],[-82.688497,41.483869],[-82.68845,41.484004],[-82.688334,41.484169],[-82.688153,41.484289],[-82.687993,41.484342],[-82.687767,41.484356],[-82.687538,41.48431],[-82.687401,41.484221],[-82.68732,41.484102],[-82.687301,41.483946],[-82.687406,41.483793],[-82.687582,41.48369],[-82.687763,41.483644],[-82.687958,41.483652],[-82.688182,41.483714],[-82.688339,41.483851],[-82.688428,41.483981],[-82.688457,41.484127],[-82.688476,41.484458],[-82.688493,41.484584],[-82.688562,41.484684],[-82.688653,41.484747],[-82.688777,41.484754],[-82.688889,41.484712],[-82.688964,41.484636],[-82.688962,41.484534],[-82.688928,41.484434],[-82.688818,41.48432],[-82.688607,41.48413],[-82.688515,41.484018],[-82.68847,41.483898],[-82.688468,41.483766],[-82.688697,41.482185],[-82.688677,41.482051],[-82.688614,41.481924],[-82.688467,41.481795],[-82.688262,41.481733],[-82.687463,41.481547],[-82.68732,41.481554],[-82.687143,41.481594],[-82.686592,41.481844],[-82.686465,41.481881],[-82.686309,41.481864],[-82.686231,41.481798],[-82.686203,41.48171],[-82.686244,41.48163],[-82.686355,41.481556],[-82.687245,41.481438],[-82.687355,41.48144],[-82.687405,41.481449]]},"properties":{"coaster":"Millennium Force","park":"Cedar Point","make":"Intamin Amusement Rides","track":"Steel","color":"1c11ad","rcdb":"https://rcdb.com/594.htm","opened":"5/13/2000","model":"Giga Coaster","length":"6,595","height":310,"speed":93,"inversions":0,"status":"OPERATING"}},{"type":"Feature","geometry":{"type":"LineString","coordinates":[[-82.681489,41.479647],[-82.681812,41.478976],[-82.681814,41.478943],[-82.68176,41.478891],[-82.681698,41.478895],[-82.681597,41.478953],[-82.680859,41.479489],[-82.680864,41.47956],[-82.680935,41.479634],[-82.681231,41.479752],[-82.68145,41.479867],[-82.681607,41.479982],[-82.681492,41.479944],[-82.681667,41.480044],[-82.681946,41.480199],[-82.682077,41.480246],[-82.682228,41.480292],[-82.682752,41.480488],[-82.682915,41.480554],[-82.682795,41.480499],[-82.682731,41.480522],[-82.682686,41.480591],[-82.682805,41.480677],[-82.682727,41.480634],[-82.682615,41.480544],[-82.682532,41.480476],[-82.682431,41.480327],[-82.682334,41.480235],[-82.682228,41.480213],[-82.68215,41.480242],[-82.68211,41.480303],[-82.682142,41.480365],[-82.68222,41.480387],[-82.682297,41.480371],[-82.68235,41.480327],[-82.682464,41.480176],[-82.682526,41.480119],[-82.6826,41.48009],[-82.682681,41.4801],[-82.682723,41.480157],[-82.682702,41.480217],[-82.682626,41.480245],[-82.682529,41.48024],[-82.682399,41.480202],[-82.682286,41.480162],[-82.682169,41.480154],[-82.682119,41.480186],[-82.682012,41.48024],[-82.681926,41.48024],[-82.681735,41.480167],[-82.681551,41.480081],[-82.681459,41.480001],[-82.681428,41.479931],[-82.681422,41.479844],[-82.68144,41.479742],[-82.681438,41.479671],[-82.681411,41.47961],[-82.68135,41.479562],[-82.681227,41.479524],[-82.681176,41.479467],[-82.681178,41.479396],[-82.681222,41.479321],[-82.681312,41.479286],[-82.681406,41.479306],[-82.681439,41.479357],[-82.681426,41.47941],[-82.681376,41.479433],[-82.681326,41.479437],[-82.681265,41.479417],[-82.68125,41.479371],[-82.68127,41.479321],[-82.681363,41.479293],[-82.68143,41.479316],[-82.681459,41.479374],[-82.681422,41.47945],[-82.68132,41.47956],[-82.681272,41.479632],[-82.681269,41.479698],[-82.681322,41.479738],[-82.681391,41.479741],[-82.681455,41.479707],[-82.681482,41.479672],[-82.681488,41.479648]]},"properties":{"coaster":"Raptor","park":"Cedar Point","make":"Bolliger & Mabillard","track":"Steel","color":"277d62","rcdb":"https://rcdb.com/1.htm","opened":"5/7/1994","model":"Inverted Coaster","length":"3,790","height":137,"speed":57,"inversions":6,"status":"OPERATING"}},{"type":"Feature","geometry":{"type":"LineString","coordinates":[[-82.687279,41.483034],[-82.686758,41.482695],[-82.686714,41.482676],[-82.685517,41.482454],[-82.685404,41.482433],[-82.685342,41.482363],[-82.685374,41.482297],[-82.685459,41.482257],[-82.686497,41.482546],[-82.686275,41.482518],[-82.686473,41.482574],[-82.686592,41.482586],[-82.686786,41.482569],[-82.686907,41.482514],[-82.686993,41.482459],[-82.687022,41.482262],[-82.686971,41.482488],[-82.686965,41.482614],[-82.687009,41.482713],[-82.687043,41.48279],[-82.687011,41.482863],[-82.686927,41.482891],[-82.68681,41.482866],[-82.686776,41.482789],[-82.686806,41.482723],[-82.686911,41.482694],[-82.686999,41.482708],[-82.68714,41.482771],[-82.6873,41.482837],[-82.687418,41.482864],[-82.687514,41.482844],[-82.687542,41.482814],[-82.687487,41.482769],[-82.687428,41.482753],[-82.687388,41.482775],[-82.687429,41.482823],[-82.687539,41.482864],[-82.687672,41.482904],[-82.687809,41.482913],[-82.687942,41.482902],[-82.688071,41.482876],[-82.688221,41.482879],[-82.688296,41.482946],[-82.688295,41.48303],[-82.688264,41.483085],[-82.688189,41.483106],[-82.688105,41.483093],[-82.688036,41.482993],[-82.687746,41.482553],[-82.687704,41.482506],[-82.687637,41.482498],[-82.687575,41.482536],[-82.68752,41.48256],[-82.687454,41.482534],[-82.687417,41.482465],[-82.687354,41.482374],[-82.687277,41.482352],[-82.687209,41.482365],[-82.687168,41.482412],[-82.687176,41.482467],[-82.687226,41.482516],[-82.687304,41.482547],[-82.687536,41.482612],[-82.687641,41.482608],[-82.687733,41.482589],[-82.68784,41.482606],[-82.687901,41.482651],[-82.68791,41.482712],[-82.687872,41.482779],[-82.687803,41.482809],[-82.687708,41.482809],[-82.687643,41.482768],[-82.687624,41.482726],[-82.68762,41.482652],[-82.687624,41.482573],[-82.687606,41.482507],[-82.687534,41.48246],[-82.687428,41.48245],[-82.687372,41.482486],[-82.687343,41.482534],[-82.687343,41.482597],[-82.687423,41.482647],[-82.687562,41.482681],[-82.687619,41.482723],[-82.687628,41.482779],[-82.687592,41.482854],[-82.687524,41.482997],[-82.687506,41.483049],[-82.687454,41.483076],[-82.687397,41.483087],[-82.687335,41.483078],[-82.687273,41.48303]]},"properties":{"coaster":"Rougarou","park":"Cedar Point","make":"Bolliger & Mabillard","track":"Steel","color":"eb6b10","rcdb":"https://rcdb.com/7.htm","opened":"5/11/1996","model":"Floorless Coaster","length":"3,900","height":145,"speed":60,"inversions":4,"status":"OPERATING"}},{"type":"Feature","geometry":{"type":"LineString","coordinates":[[-82.69316,41.486362],[-82.693381,41.486013],[-82.693435,41.485957],[-82.693528,41.485943],[-82.693608,41.485978],[-82.693636,41.486031],[-82.693619,41.486092],[-82.692377,41.48716],[-82.692115,41.487383],[-82.691893,41.487588],[-82.691787,41.487632],[-82.69146,41.487613],[-82.691315,41.487536],[-82.691244,41.487443],[-82.691185,41.487218],[-82.691163,41.487084],[-82.691223,41.486904],[-82.691342,41.486782],[-82.691504,41.486697],[-82.691675,41.48665],[-82.692142,41.486622],[-82.692556,41.486567],[-82.692775,41.486511],[-82.692985,41.486439],[-82.693107,41.486421],[-82.693205,41.486482],[-82.69323,41.48659],[-82.693205,41.486677],[-82.693153,41.486778],[-82.693034,41.486823],[-82.69293,41.486814],[-82.692735,41.486703],[-82.69255,41.486619],[-82.692342,41.486623],[-82.691694,41.486676],[-82.691426,41.486766],[-82.691292,41.486842],[-82.691261,41.486935],[-82.691274,41.487084],[-82.691359,41.487394],[-82.691408,41.487474],[-82.691524,41.487511],[-82.69168,41.487544],[-82.69181,41.487544],[-82.692009,41.48751],[-82.692163,41.48741],[-82.692715,41.486944],[-82.69283,41.486885],[-82.692975,41.486857],[-82.693136,41.486821],[-82.69326,41.486737],[-82.693274,41.486592],[-82.693218,41.486474],[-82.693132,41.486419],[-82.692983,41.486412],[-82.692763,41.48648],[-82.692559,41.486554],[-82.692195,41.486655],[-82.691884,41.486692],[-82.691621,41.486714],[-82.691417,41.486748],[-82.691295,41.486868],[-82.691228,41.486994],[-82.691248,41.487089],[-82.691312,41.487348],[-82.691334,41.487454],[-82.691439,41.48755],[-82.691572,41.487581],[-82.691719,41.487591],[-82.691871,41.487569],[-82.69199,41.48745],[-82.692205,41.487265],[-82.692351,41.487077],[-82.692538,41.486902],[-82.693115,41.486401],[-82.693149,41.486378],[-82.693162,41.486361]]},"properties":{"coaster":"Steel Vengeance","park":"Cedar Point","make":"Rocky Mountain Construction","track":"Steel","color":"691708","rcdb":"https://rcdb.com/15411.htm","opened":"5/5/2018","model":"IBox Track","length":"5,740","height":205,"speed":74,"inversions":4,"status":"OPERATING"}},{"type":"Feature","geometry":{"type":"LineString","coordinates":[[-82.683862,41.480774],[-82.683285,41.480198],[-82.683194,41.480146],[-82.683113,41.480159],[-82.683054,41.480188],[-82.683018,41.480239],[-82.683009,41.480312],[-82.683078,41.480364],[-82.6838,41.480804],[-82.683839,41.480872],[-82.6838,41.480944],[-82.683397,41.481328],[-82.683131,41.481524],[-82.68324,41.481421],[-82.68333,41.481292],[-82.683327,41.481158],[-82.683231,41.480972],[-82.683166,41.480805],[-82.683206,41.480677],[-82.683369,41.480658],[-82.683497,41.480791],[-82.683778,41.48108],[-82.684022,41.481303],[-82.684233,41.481539],[-82.684486,41.48156],[-82.684145,41.481544],[-82.683862,41.48155],[-82.683484,41.481504],[-82.683336,41.481518],[-82.683266,41.481589],[-82.683263,41.481669],[-82.683336,41.481727],[-82.683446,41.481747],[-82.683569,41.481711],[-82.683678,41.48164],[-82.683797,41.481482],[-82.6839,41.481347],[-82.684033,41.481219],[-82.684109,41.481126],[-82.68411,41.481016],[-82.684026,41.480924],[-82.683861,41.480771]]},"properties":{"coaster":"Valravn","park":"Cedar Point","make":"Bolliger & Mabillard","track":"Steel","color":"b05125","rcdb":"https://rcdb.com/13383.htm","opened":"5/7/2016","model":"Dive Coaster","length":"3,415","height":214,"speed":75,"inversions":3,"status":"OPERATING"}},{"type":"Feature","geometry":{"type":"LineString","coordinates":[[-82.680462,41.482046],[-82.680257,41.482105],[-82.68024,41.482126],[-82.680381,41.482453],[-82.680406,41.482476],[-82.680471,41.482475],[-82.680538,41.482457],[-82.680631,41.482402],[-82.680654,41.48234],[-82.680612,41.48226],[-82.680499,41.482096],[-82.680465,41.482078],[-82.680427,41.482086],[-82.680416,41.482112],[-82.680488,41.482212],[-82.680483,41.482239],[-82.680449,41.482247],[-82.680416,41.48223],[-82.680371,41.482137],[-82.680333,41.48211],[-82.680287,41.482112],[-82.680249,41.482133],[-82.680238,41.482165],[-82.680265,41.482201],[-82.68032,41.482211],[-82.680425,41.482182],[-82.68051,41.482155],[-82.680552,41.482167],[-82.680559,41.482201],[-82.680528,41.482228],[-82.68043,41.482257],[-82.680381,41.482293],[-82.680373,41.482325],[-82.680409,41.482358],[-82.680518,41.48236],[-82.680571,41.482375],[-82.680594,41.482406],[-82.680576,41.482446],[-82.680499,41.482455],[-82.680471,41.482427],[-82.680477,41.482374],[-82.68049,41.482312],[-82.680469,41.482259],[-82.680401,41.482231],[-82.680344,41.48224],[-82.680313,41.482261],[-82.680305,41.482284],[-82.680395,41.482458],[-82.68046,41.482468],[-82.680553,41.482459],[-82.680633,41.482434],[-82.680663,41.482395],[-82.680617,41.482275],[-82.6805,41.482054],[-82.680489,41.482045],[-82.680475,41.482044],[-82.680463,41.482046]]},"properties":{"coaster":"Wild Mouse","park":"Cedar Point","make":"Zamperla","track":"Steel","color":"e8682c","rcdb":"https://rcdb.com/20342.htm","model":"Twister Coaster","length":"1,312","inversions":0,"status":"OPERATING","opened":"5/6/2023","height":52,"speed":35}},{"type":"Feature","geometry":{"type":"LineString","coordinates":[[-82.68906,41.485451],[-82.689152,41.485311],[-82.689227,41.485289],[-82.689277,41.485316],[-82.689433,41.485629],[-82.689473,41.485668],[-82.689526,41.485679],[-82.689565,41.485647],[-82.689562,41.485613],[-82.689533,41.485582],[-82.689487,41.485583],[-82.689449,41.485613],[-82.689433,41.485648],[-82.689457,41.48568],[-82.689506,41.485699],[-82.689588,41.485691],[-82.689611,41.485635],[-82.689598,41.485597],[-82.689526,41.485541],[-82.689438,41.485512],[-82.689231,41.485487],[-82.689158,41.485468],[-82.689158,41.485424],[-82.689196,41.485396],[-82.689274,41.485403],[-82.689338,41.485482],[-82.689359,41.485536],[-82.68935,41.485605],[-82.689296,41.485621],[-82.689265,41.485598],[-82.689249,41.485542],[-82.6894,41.485524],[-82.689487,41.485523],[-82.689515,41.485508],[-82.689525,41.485479],[-82.689505,41.485448],[-82.689463,41.485426],[-82.689136,41.485507],[-82.689089,41.485512],[-82.689063,41.485486],[-82.689061,41.48545]]},"properties":{"coaster":"Woodstock Express","park":"Cedar Point","make":"Vekoma","track":"Steel","color":634741,"rcdb":"https://rcdb.com/553.htm","model":"Junior Coaster","length":"1,099","inversions":0,"status":"OPERATING","opened":"5/10/1999","height":43,"speed":29}},{"type":"Feature","geometry":{"type":"LineString","coordinates":[[-82.685259,41.480601],[-82.684838,41.481508],[-82.684963,41.481657],[-82.685084,41.481617],[-82.685173,41.481519],[-82.685271,41.481112],[-82.685304,41.481008],[-82.685372,41.481015],[-82.685375,41.481081],[-82.685298,41.481172],[-82.685165,41.48129],[-82.685111,41.481406],[-82.685052,41.481512],[-82.684939,41.48159],[-82.684785,41.481633],[-82.684696,41.481619],[-82.684681,41.481561],[-82.684705,41.481497],[-82.684847,41.481404],[-82.684909,41.481326],[-82.685019,41.481117],[-82.685532,41.480879],[-82.685654,41.480777],[-82.685639,41.480688],[-82.685559,41.480708],[-82.685449,41.480763],[-82.685348,41.480799],[-82.685292,41.480783],[-82.685313,41.48071],[-82.685429,41.480668],[-82.685577,41.480646],[-82.685696,41.480672],[-82.685731,41.480752],[-82.685702,41.480828],[-82.68561,41.480868],[-82.685473,41.480868],[-82.685313,41.480868],[-82.685197,41.480921],[-82.685162,41.481015],[-82.685138,41.481126],[-82.685043,41.481268],[-82.685022,41.481472],[-82.684883,41.481568],[-82.684746,41.481637],[-82.684571,41.481637],[-82.684521,41.481561],[-82.684565,41.481472],[-82.684791,41.481417],[-82.684874,41.481397],[-82.684921,41.481312],[-82.684892,41.481212],[-82.684865,41.481126],[-82.685046,41.480583],[-82.685099,41.480519],[-82.685197,41.480517],[-82.685248,41.480563],[-82.685259,41.480601]]},"properties":{"coaster":"Siren's Curse","park":"Cedar Point","make":"Vekoma","track":"Steel","color":"960533","rcdb":"https://rcdb.com/22124.htm","model":"Tilt Coaster","length":"2,956","inversions":2,"status":"OPERATING","opened":"6/28/2025","height":160,"speed":58}},{"type":"Feature","geometry":{"type":"LineString","coordinates":[[-83.120674,40.15451],[-83.119892,40.15449],[-83.119775,40.154479],[-83.119724,40.154422],[-83.119776,40.154356],[-83.119864,40.154357],[-83.120558,40.154487],[-83.120611,40.154476],[-83.120647,40.154435],[-83.120619,40.15438],[-83.120563,40.154356],[-83.119781,40.154353],[-83.119729,40.154403],[-83.119738,40.154451],[-83.119774,40.154478],[-83.11987,40.154481],[-83.120789,40.154394],[-83.120847,40.154414],[-83.120858,40.154461],[-83.120828,40.154497],[-83.120738,40.154511],[-83.120674,40.154511]]},"properties":{"coaster":"Sea Dragon","park":"Columbus Zoo and Aquarium","make":"Philadelphia Toboggan Coasters","track":"Wood","color":"5E3F2D","rcdb":"https://rcdb.com/324.htm","model":"Family Wooden Coaster","length":"1,320","inversions":0,"status":"OPERATING","opened":"5/23/1956","height":35,"speed":25}},{"type":"Feature","geometry":{"type":"LineString","coordinates":[[-83.118194,40.15551],[-83.118326,40.155448],[-83.11811,40.155171],[-83.118088,40.155173],[-83.117959,40.155235],[-83.117949,40.15526],[-83.117974,40.15527],[-83.118108,40.155226],[-83.118136,40.15523],[-83.118128,40.155251],[-83.117997,40.155323],[-83.118161,40.155504],[-83.118198,40.155496],[-83.118274,40.155457],[-83.118199,40.155251],[-83.118115,40.155171],[-83.118048,40.15519],[-83.117954,40.155237],[-83.117952,40.155262],[-83.117986,40.155272],[-83.118106,40.155224],[-83.118137,40.155233],[-83.118115,40.155263],[-83.118003,40.155315],[-83.118001,40.155334],[-83.118029,40.155342],[-83.118161,40.15529],[-83.118184,40.155305],[-83.118169,40.155331],[-83.118091,40.155366],[-83.118096,40.155406],[-83.118146,40.155453],[-83.118193,40.155467],[-83.118225,40.155464],[-83.118237,40.155437],[-83.118203,40.155396],[-83.118108,40.155344],[-83.117984,40.155219],[-83.117952,40.155221],[-83.117933,40.155243],[-83.117959,40.155285],[-83.118173,40.155516],[-83.118194,40.155509]]},"properties":{"coaster":"Tidal Twist","park":"Columbus Zoo and Aquarium","make":"Zamperla","track":"Steel","color":"0b5e13","rcdb":"https://rcdb.com/19230.htm","model":"Twister Coaster","length":"1,066","inversions":0,"status":"OPERATING","opened":"7/5/2021","height":36,"speed":30}}]}